sigma,scale,samples,guard,seed,method,trials,reachable_rate,overall_success,future_success,current_success,detects_unreachable,false_certificate,mean_norm,mean_min_margin,mean_rank,mean_null_dim
0.0,0.75,8,0.0,0,estimated,8,1.0,1.0,1.0,1.0,0.0,0.0,0.7660219037660039,0.050862055656293814,3.0,0.0
0.0,0.75,8,0.0,1,estimated,8,1.0,1.0,1.0,1.0,0.0,0.0,0.8273085147420116,0.07387694618103942,3.0,0.0
0.0,0.75,8,0.0,2,estimated,8,1.0,1.0,1.0,1.0,0.0,0.0,0.6917522868050392,0.055666311838080226,3.0,0.0
0.0,0.75,8,0.0,3,estimated,8,1.0,1.0,1.0,1.0,0.0,0.0,0.812558406751619,0.08076294295456253,3.0,0.0
0.0,0.75,8,0.5,0,guard_0.5,8,1.0,1.0,1.0,1.0,0.0,0.0,0.7660219037660039,0.050862055656293814,3.0,0.0
0.0,0.75,8,0.5,1,guard_0.5,8,1.0,1.0,1.0,1.0,0.0,0.0,0.8273085147420116,0.07387694618103942,3.0,0.0
0.0,0.75,8,0.5,2,guard_0.5,8,1.0,1.0,1.0,1.0,0.0,0.0,0.6917522868050392,0.055666311838080226,3.0,0.0
0.0,0.75,8,0.5,3,guard_0.5,8,1.0,1.0,1.0,1.0,0.0,0.0,0.812558406751619,0.08076294295456253,3.0,0.0
0.0,0.75,8,1.0,0,guard_1.0,8,1.0,1.0,1.0,1.0,0.0,0.0,0.7660219037660039,0.050862055656293814,3.0,0.0
0.0,0.75,8,1.0,1,guard_1.0,8,1.0,1.0,1.0,1.0,0.0,0.0,0.8273085147420116,0.07387694618103942,3.0,0.0
0.0,0.75,8,1.0,2,guard_1.0,8,1.0,1.0,1.0,1.0,0.0,0.0,0.6917522868050392,0.055666311838080226,3.0,0.0
0.0,0.75,8,1.0,3,guard_1.0,8,1.0,1.0,1.0,1.0,0.0,0.0,0.812558406751619,0.08076294295456253,3.0,0.0
0.0,0.75,32,0.0,0,estimated,8,1.0,1.0,1.0,1.0,0.0,0.0,0.6985873940955167,0.06796955427821857,3.0,0.0
0.0,0.75,32,0.0,1,estimated,8,1.0,1.0,1.0,1.0,0.0,0.0,0.9173168526123083,0.06677143457474516,3.0,0.0
0.0,0.75,32,0.0,2,estimated,8,1.0,1.0,1.0,1.0,0.0,0.0,0.5984168979354626,0.058188151292761205,3.0,0.0
0.0,0.75,32,0.0,3,estimated,8,1.0,1.0,1.0,1.0,0.0,0.0,0.7346004772485422,0.07168753643024793,3.0,0.0
0.0,0.75,32,0.5,0,guard_0.5,8,1.0,1.0,1.0,1.0,0.0,0.0,0.6985873940955167,0.06796955427821857,3.0,0.0
0.0,0.75,32,0.5,1,guard_0.5,8,1.0,1.0,1.0,1.0,0.0,0.0,0.9173168526123083,0.06677143457474516,3.0,0.0
0.0,0.75,32,0.5,2,guard_0.5,8,1.0,1.0,1.0,1.0,0.0,0.0,0.5984168979354626,0.058188151292761205,3.0,0.0
0.0,0.75,32,0.5,3,guard_0.5,8,1.0,1.0,1.0,1.0,0.0,0.0,0.7346004772485422,0.07168753643024793,3.0,0.0
0.0,0.75,32,1.0,0,guard_1.0,8,1.0,1.0,1.0,1.0,0.0,0.0,0.6985873940955167,0.06796955427821857,3.0,0.0
0.0,0.75,32,1.0,1,guard_1.0,8,1.0,1.0,1.0,1.0,0.0,0.0,0.9173168526123083,0.06677143457474516,3.0,0.0
0.0,0.75,32,1.0,2,guard_1.0,8,1.0,1.0,1.0,1.0,0.0,0.0,0.5984168979354626,0.058188151292761205,3.0,0.0
0.0,0.75,32,1.0,3,guard_1.0,8,1.0,1.0,1.0,1.0,0.0,0.0,0.7346004772485422,0.07168753643024793,3.0,0.0
0.0,0.75,128,0.0,0,estimated,8,1.0,1.0,1.0,1.0,0.0,0.0,0.7130357908331616,0.058641450398047176,3.0,0.0
0.0,0.75,128,0.0,1,estimated,8,1.0,1.0,1.0,1.0,0.0,0.0,0.6732934507986701,0.06524654776828698,3.0,0.0
0.0,0.75,128,0.0,2,estimated,8,1.0,1.0,1.0,1.0,0.0,0.0,0.7107152895436719,0.0715409980592531,3.0,0.0
0.0,0.75,128,0.0,3,estimated,8,1.0,1.0,1.0,1.0,0.0,0.0,0.8999563718907151,0.0742805311980271,3.0,0.0
0.0,0.75,128,0.5,0,guard_0.5,8,1.0,1.0,1.0,1.0,0.0,0.0,0.7130357908331616,0.058641450398047176,3.0,0.0
0.0,0.75,128,0.5,1,guard_0.5,8,1.0,1.0,1.0,1.0,0.0,0.0,0.6732934507986701,0.06524654776828698,3.0,0.0
0.0,0.75,128,0.5,2,guard_0.5,8,1.0,1.0,1.0,1.0,0.0,0.0,0.7107152895436719,0.0715409980592531,3.0,0.0
0.0,0.75,128,0.5,3,guard_0.5,8,1.0,1.0,1.0,1.0,0.0,0.0,0.8999563718907151,0.0742805311980271,3.0,0.0
0.0,0.75,128,1.0,0,guard_1.0,8,1.0,1.0,1.0,1.0,0.0,0.0,0.7130357908331616,0.058641450398047176,3.0,0.0
0.0,0.75,128,1.0,1,guard_1.0,8,1.0,1.0,1.0,1.0,0.0,0.0,0.6732934507986701,0.06524654776828698,3.0,0.0
0.0,0.75,128,1.0,2,guard_1.0,8,1.0,1.0,1.0,1.0,0.0,0.0,0.7107152895436719,0.0715409980592531,3.0,0.0
0.0,0.75,128,1.0,3,guard_1.0,8,1.0,1.0,1.0,1.0,0.0,0.0,0.8999563718907151,0.0742805311980271,3.0,0.0
0.0,1.0,8,0.0,0,estimated,8,1.0,1.0,1.0,1.0,0.0,0.0,0.6879876394592311,-5.898059818321144e-17,3.0,0.0
0.0,1.0,8,0.0,1,estimated,8,1.0,1.0,1.0,1.0,0.0,0.0,0.448812673451597,-1.5612511283791264e-17,3.0,0.0
0.0,1.0,8,0.0,2,estimated,8,1.0,1.0,1.0,1.0,0.0,0.0,0.5509503579364066,-2.0469737016526324e-16,3.0,0.0
0.0,1.0,8,0.0,3,estimated,8,1.0,1.0,1.0,1.0,0.0,0.0,0.6383868965348298,-7.632783294297951e-17,3.0,0.0
0.0,1.0,8,0.5,0,guard_0.5,8,1.0,1.0,1.0,1.0,0.0,0.0,0.6879876394592311,-5.898059818321144e-17,3.0,0.0
0.0,1.0,8,0.5,1,guard_0.5,8,1.0,1.0,1.0,1.0,0.0,0.0,0.448812673451597,-1.5612511283791264e-17,3.0,0.0
0.0,1.0,8,0.5,2,guard_0.5,8,1.0,1.0,1.0,1.0,0.0,0.0,0.5509503579364066,-2.0469737016526324e-16,3.0,0.0
0.0,1.0,8,0.5,3,guard_0.5,8,1.0,1.0,1.0,1.0,0.0,0.0,0.6383868965348298,-7.632783294297951e-17,3.0,0.0
0.0,1.0,8,1.0,0,guard_1.0,8,1.0,1.0,1.0,1.0,0.0,0.0,0.6879876394592311,-5.898059818321144e-17,3.0,0.0
0.0,1.0,8,1.0,1,guard_1.0,8,1.0,1.0,1.0,1.0,0.0,0.0,0.448812673451597,-1.5612511283791264e-17,3.0,0.0
0.0,1.0,8,1.0,2,guard_1.0,8,1.0,1.0,1.0,1.0,0.0,0.0,0.5509503579364066,-2.0469737016526324e-16,3.0,0.0
0.0,1.0,8,1.0,3,guard_1.0,8,1.0,1.0,1.0,1.0,0.0,0.0,0.6383868965348298,-7.632783294297951e-17,3.0,0.0
0.0,1.0,32,0.0,0,estimated,8,1.0,1.0,1.0,1.0,0.0,0.0,0.5430804590552445,-2.0816681711721685e-17,3.0,0.0
0.0,1.0,32,0.0,1,estimated,8,1.0,1.0,1.0,1.0,0.0,0.0,0.6459937978801674,-2.0816681711721685e-17,3.0,0.0
0.0,1.0,32,0.0,2,estimated,8,1.0,1.0,1.0,1.0,0.0,0.0,0.5700202901925862,-2.0816681711721685e-17,3.0,0.0
0.0,1.0,32,0.0,3,estimated,8,1.0,1.0,1.0,1.0,0.0,0.0,0.6001524788996953,-6.245004513516506e-17,3.0,0.0
0.0,1.0,32,0.5,0,guard_0.5,8,1.0,1.0,1.0,1.0,0.0,0.0,0.5430804590552445,-2.0816681711721685e-17,3.0,0.0
0.0,1.0,32,0.5,1,guard_0.5,8,1.0,1.0,1.0,1.0,0.0,0.0,0.6459937978801674,-2.0816681711721685e-17,3.0,0.0
0.0,1.0,32,0.5,2,guard_0.5,8,1.0,1.0,1.0,1.0,0.0,0.0,0.5700202901925862,-2.0816681711721685e-17,3.0,0.0
0.0,1.0,32,0.5,3,guard_0.5,8,1.0,1.0,1.0,1.0,0.0,0.0,0.6001524788996953,-6.245004513516506e-17,3.0,0.0
0.0,1.0,32,1.0,0,guard_1.0,8,1.0,1.0,1.0,1.0,0.0,0.0,0.5430804590552445,-2.0816681711721685e-17,3.0,0.0
0.0,1.0,32,1.0,1,guard_1.0,8,1.0,1.0,1.0,1.0,0.0,0.0,0.6459937978801674,-2.0816681711721685e-17,3.0,0.0
0.0,1.0,32,1.0,2,guard_1.0,8,1.0,1.0,1.0,1.0,0.0,0.0,0.5700202901925862,-2.0816681711721685e-17,3.0,0.0
0.0,1.0,32,1.0,3,guard_1.0,8,1.0,1.0,1.0,1.0,0.0,0.0,0.6001524788996953,-6.245004513516506e-17,3.0,0.0
0.0,1.0,128,0.0,0,estimated,8,1.0,1.0,1.0,1.0,0.0,0.0,0.5161793793735934,-6.938893903907228e-18,3.0,0.0
0.0,1.0,128,0.0,1,estimated,8,1.0,1.0,1.0,1.0,0.0,0.0,0.7203114348961794,-1.1102230246251565e-16,3.0,0.0
0.0,1.0,128,0.0,2,estimated,8,1.0,1.0,1.0,1.0,0.0,0.0,0.602872200517885,-8.326672684688674e-17,3.0,0.0
0.0,1.0,128,0.0,3,estimated,8,1.0,1.0,1.0,1.0,0.0,0.0,0.5997439854232265,-4.85722573273506e-17,3.0,0.0
0.0,1.0,128,0.5,0,guard_0.5,8,1.0,1.0,1.0,1.0,0.0,0.0,0.5161793793735934,-6.938893903907228e-18,3.0,0.0
0.0,1.0,128,0.5,1,guard_0.5,8,1.0,1.0,1.0,1.0,0.0,0.0,0.7203114348961794,-1.1102230246251565e-16,3.0,0.0
0.0,1.0,128,0.5,2,guard_0.5,8,1.0,1.0,1.0,1.0,0.0,0.0,0.602872200517885,-8.326672684688674e-17,3.0,0.0
0.0,1.0,128,0.5,3,guard_0.5,8,1.0,1.0,1.0,1.0,0.0,0.0,0.5997439854232265,-4.85722573273506e-17,3.0,0.0
0.0,1.0,128,1.0,0,guard_1.0,8,1.0,1.0,1.0,1.0,0.0,0.0,0.5161793793735934,-6.938893903907228e-18,3.0,0.0
0.0,1.0,128,1.0,1,guard_1.0,8,1.0,1.0,1.0,1.0,0.0,0.0,0.7203114348961794,-1.1102230246251565e-16,3.0,0.0
0.0,1.0,128,1.0,2,guard_1.0,8,1.0,1.0,1.0,1.0,0.0,0.0,0.602872200517885,-8.326672684688674e-17,3.0,0.0
0.0,1.0,128,1.0,3,guard_1.0,8,1.0,1.0,1.0,1.0,0.0,0.0,0.5997439854232265,-4.85722573273506e-17,3.0,0.0
0.0,1.25,8,0.0,0,estimated,8,1.0,0.0,0.0,0.75,0.0,1.0,0.516795038304134,-0.10201148002467716,3.0,0.0
0.0,1.25,8,0.0,1,estimated,8,1.0,0.0,0.0,0.375,0.0,1.0,0.45601623215406895,-0.12521300979220745,3.0,0.0
0.0,1.25,8,0.0,2,estimated,8,1.0,0.0,0.0,0.5,0.0,1.0,0.4801219831197562,-0.12386517961557614,3.0,0.0
0.0,1.25,8,0.0,3,estimated,8,1.0,0.0,0.0,0.375,0.0,1.0,0.5135995789919269,-0.14535215349942593,3.0,0.0
0.0,1.25,8,0.5,0,guard_0.5,8,1.0,0.0,0.0,0.75,0.0,1.0,0.516795038304134,-0.10201148002467716,3.0,0.0
0.0,1.25,8,0.5,1,guard_0.5,8,1.0,0.0,0.0,0.375,0.0,1.0,0.45601623215406895,-0.12521300979220745,3.0,0.0
0.0,1.25,8,0.5,2,guard_0.5,8,1.0,0.0,0.0,0.5,0.0,1.0,0.4801219831197562,-0.12386517961557614,3.0,0.0
0.0,1.25,8,0.5,3,guard_0.5,8,1.0,0.0,0.0,0.375,0.0,1.0,0.5135995789919269,-0.14535215349942593,3.0,0.0
0.0,1.25,8,1.0,0,guard_1.0,8,1.0,0.0,0.0,0.75,0.0,1.0,0.516795038304134,-0.10201148002467716,3.0,0.0
0.0,1.25,8,1.0,1,guard_1.0,8,1.0,0.0,0.0,0.375,0.0,1.0,0.45601623215406895,-0.12521300979220745,3.0,0.0
0.0,1.25,8,1.0,2,guard_1.0,8,1.0,0.0,0.0,0.5,0.0,1.0,0.4801219831197562,-0.12386517961557614,3.0,0.0
0.0,1.25,8,1.0,3,guard_1.0,8,1.0,0.0,0.0,0.375,0.0,1.0,0.5135995789919269,-0.14535215349942593,3.0,0.0
0.0,1.25,32,0.0,0,estimated,8,1.0,0.0,0.0,0.25,0.0,1.0,0.5067261048025848,-0.19010415093649283,3.0,0.0
0.0,1.25,32,0.0,1,estimated,8,1.0,0.0,0.0,0.5,0.0,1.0,0.4512580289565431,-0.10993462598871667,3.0,0.0
0.0,1.25,32,0.0,2,estimated,8,1.0,0.0,0.0,0.5,0.0,1.0,0.5109969096262813,-0.14263982156644955,3.0,0.0
0.0,1.25,32,0.0,3,estimated,8,1.0,0.0,0.0,0.75,0.0,1.0,0.3771276498914642,-0.08711084971610944,3.0,0.0
0.0,1.25,32,0.5,0,guard_0.5,8,1.0,0.0,0.0,0.25,0.0,1.0,0.5067261048025848,-0.19010415093649283,3.0,0.0
0.0,1.25,32,0.5,1,guard_0.5,8,1.0,0.0,0.0,0.5,0.0,1.0,0.4512580289565431,-0.10993462598871667,3.0,0.0
0.0,1.25,32,0.5,2,guard_0.5,8,1.0,0.0,0.0,0.5,0.0,1.0,0.5109969096262813,-0.14263982156644955,3.0,0.0
0.0,1.25,32,0.5,3,guard_0.5,8,1.0,0.0,0.0,0.75,0.0,1.0,0.3771276498914642,-0.08711084971610944,3.0,0.0
0.0,1.25,32,1.0,0,guard_1.0,8,1.0,0.0,0.0,0.25,0.0,1.0,0.5067261048025848,-0.19010415093649283,3.0,0.0
0.0,1.25,32,1.0,1,guard_1.0,8,1.0,0.0,0.0,0.5,0.0,1.0,0.4512580289565431,-0.10993462598871667,3.0,0.0
0.0,1.25,32,1.0,2,guard_1.0,8,1.0,0.0,0.0,0.5,0.0,1.0,0.5109969096262813,-0.14263982156644955,3.0,0.0
0.0,1.25,32,1.0,3,guard_1.0,8,1.0,0.0,0.0,0.75,0.0,1.0,0.3771276498914642,-0.08711084971610944,3.0,0.0
0.0,1.25,128,0.0,0,estimated,8,1.0,0.0,0.0,0.375,0.0,1.0,0.5255155741208029,-0.09044739428782717,3.0,0.0
0.0,1.25,128,0.0,1,estimated,8,1.0,0.0,0.0,0.375,0.0,1.0,0.40778303250178644,-0.0937355941156714,3.0,0.0
0.0,1.25,128,0.0,2,estimated,8,1.0,0.0,0.0,0.375,0.0,1.0,0.5282109697096913,-0.17796767075892128,3.0,0.0
0.0,1.25,128,0.0,3,estimated,8,1.0,0.0,0.0,0.375,0.0,1.0,0.4644321957282307,-0.1101256183406329,3.0,0.0
0.0,1.25,128,0.5,0,guard_0.5,8,1.0,0.0,0.0,0.375,0.0,1.0,0.5255155741208029,-0.09044739428782717,3.0,0.0
0.0,1.25,128,0.5,1,guard_0.5,8,1.0,0.0,0.0,0.375,0.0,1.0,0.40778303250178644,-0.0937355941156714,3.0,0.0
0.0,1.25,128,0.5,2,guard_0.5,8,1.0,0.0,0.0,0.375,0.0,1.0,0.5282109697096913,-0.17796767075892128,3.0,0.0
0.0,1.25,128,0.5,3,guard_0.5,8,1.0,0.0,0.0,0.375,0.0,1.0,0.4644321957282307,-0.1101256183406329,3.0,0.0
0.0,1.25,128,1.0,0,guard_1.0,8,1.0,0.0,0.0,0.375,0.0,1.0,0.5255155741208029,-0.09044739428782717,3.0,0.0
0.0,1.25,128,1.0,1,guard_1.0,8,1.0,0.0,0.0,0.375,0.0,1.0,0.40778303250178644,-0.0937355941156714,3.0,0.0
0.0,1.25,128,1.0,2,guard_1.0,8,1.0,0.0,0.0,0.375,0.0,1.0,0.5282109697096913,-0.17796767075892128,3.0,0.0
0.0,1.25,128,1.0,3,guard_1.0,8,1.0,0.0,0.0,0.375,0.0,1.0,0.4644321957282307,-0.1101256183406329,3.0,0.0
0.02,0.75,8,0.0,0,estimated,8,1.0,1.0,1.0,1.0,0.0,0.0,0.7972342590841459,0.08161252216888731,3.0,0.0
0.02,0.75,8,0.0,1,estimated,8,1.0,1.0,1.0,1.0,0.0,0.0,0.5927460875554594,0.06801811328160412,3.0,0.0
0.02,0.75,8,0.0,2,estimated,8,1.0,1.0,1.0,1.0,0.0,0.0,0.7413080902018627,0.059080034198828964,3.0,0.0
0.02,0.75,8,0.0,3,estimated,8,1.0,1.0,1.0,1.0,0.0,0.0,0.8740274366499003,0.09479976035024526,3.0,0.0
0.02,0.75,8,0.5,0,guard_0.5,8,1.0,1.0,1.0,1.0,0.0,0.0,0.8246039015629433,0.09031516764124435,3.0,0.0
0.02,0.75,8,0.5,1,guard_0.5,8,1.0,1.0,1.0,1.0,0.0,0.0,0.6198922284710429,0.07899010492956104,3.0,0.0
0.02,0.75,8,0.5,2,guard_0.5,8,1.0,1.0,1.0,1.0,0.0,0.0,0.7670722018941685,0.06812508849932374,3.0,0.0
0.02,0.75,8,0.5,3,guard_0.5,8,1.0,1.0,1.0,1.0,0.0,0.0,0.8980979417105321,0.10684120648433504,3.0,0.0
0.02,0.75,8,1.0,0,guard_1.0,8,1.0,1.0,1.0,1.0,0.0,0.0,0.8554952775074633,0.10050932583086147,3.0,0.0
0.02,0.75,8,1.0,1,guard_1.0,8,1.0,1.0,1.0,1.0,0.0,0.0,0.6483200866488512,0.09039733708192588,3.0,0.0
0.02,0.75,8,1.0,2,guard_1.0,8,1.0,1.0,1.0,1.0,0.0,0.0,0.7936924797881625,0.07958877414376875,3.0,0.0
0.02,0.75,8,1.0,3,guard_1.0,8,1.0,1.0,1.0,1.0,0.0,0.0,0.9245968381827029,0.12013982115056168,3.0,0.0
0.02,0.75,32,0.0,0,estimated,8,1.0,1.0,1.0,1.0,0.0,0.0,0.7922946013736099,0.058312092652031675,3.0,0.0
0.02,0.75,32,0.0,1,estimated,8,1.0,1.0,1.0,1.0,0.0,0.0,0.6367438536353326,0.06190581697649432,3.0,0.0
0.02,0.75,32,0.0,2,estimated,8,1.0,1.0,1.0,1.0,0.0,0.0,0.8438772979822281,0.07277284798464798,3.0,0.0
0.02,0.75,32,0.0,3,estimated,8,1.0,1.0,1.0,1.0,0.0,0.0,0.7510072506369205,0.06077837221638505,3.0,0.0
0.02,0.75,32,0.5,0,guard_0.5,8,1.0,1.0,1.0,1.0,0.0,0.0,0.8053575761287332,0.06285326504162375,3.0,0.0
0.02,0.75,32,0.5,1,guard_0.5,8,1.0,1.0,1.0,1.0,0.0,0.0,0.6457311347175672,0.06659979996804902,3.0,0.0
0.02,0.75,32,0.5,2,guard_0.5,8,1.0,1.0,1.0,1.0,0.0,0.0,0.8565554179488877,0.07878615091623095,3.0,0.0
0.02,0.75,32,0.5,3,guard_0.5,8,1.0,1.0,1.0,1.0,0.0,0.0,0.7639721328372336,0.06657001530081139,3.0,0.0
0.02,0.75,32,1.0,0,guard_1.0,8,1.0,1.0,1.0,1.0,0.0,0.0,0.818658247365918,0.06742762106466349,3.0,0.0
0.02,0.75,32,1.0,1,guard_1.0,8,1.0,1.0,1.0,1.0,0.0,0.0,0.6548655238881117,0.0713671301060501,3.0,0.0
0.02,0.75,32,1.0,2,guard_1.0,8,1.0,1.0,1.0,1.0,0.0,0.0,0.8692413925892702,0.08476677365466034,3.0,0.0
0.02,0.75,32,1.0,3,guard_1.0,8,1.0,1.0,1.0,1.0,0.0,0.0,0.7774343849229739,0.07235665105008622,3.0,0.0
0.02,0.75,128,0.0,0,estimated,8,1.0,1.0,1.0,1.0,0.0,0.0,0.5813269401516885,0.061543771198604186,3.0,0.0
0.02,0.75,128,0.0,1,estimated,8,1.0,1.0,1.0,1.0,0.0,0.0,0.8046745170343362,0.07350597784698816,3.0,0.0
0.02,0.75,128,0.0,2,estimated,8,1.0,1.0,1.0,1.0,0.0,0.0,0.789012922319147,0.07728424112187043,3.0,0.0
0.02,0.75,128,0.0,3,estimated,8,1.0,1.0,1.0,1.0,0.0,0.0,0.751795440266039,0.06519043311026528,3.0,0.0
0.02,0.75,128,0.5,0,guard_0.5,8,1.0,1.0,1.0,1.0,0.0,0.0,0.5874915727492502,0.06389095902617212,3.0,0.0
0.02,0.75,128,0.5,1,guard_0.5,8,1.0,1.0,1.0,1.0,0.0,0.0,0.8127007320667292,0.07666325526035936,3.0,0.0
0.02,0.75,128,0.5,2,guard_0.5,8,1.0,1.0,1.0,1.0,0.0,0.0,0.7948717633850515,0.08032797069519268,3.0,0.0
0.02,0.75,128,0.5,3,guard_0.5,8,1.0,1.0,1.0,1.0,0.0,0.0,0.7590001827484275,0.06858790671693579,3.0,0.0
0.02,0.75,128,1.0,0,guard_1.0,8,1.0,1.0,1.0,1.0,0.0,0.0,0.5936593285763426,0.06623814685374003,3.0,0.0
0.02,0.75,128,1.0,1,guard_1.0,8,1.0,1.0,1.0,1.0,0.0,0.0,0.8207417000384124,0.07982053267373052,3.0,0.0
0.02,0.75,128,1.0,2,guard_1.0,8,1.0,1.0,1.0,1.0,0.0,0.0,0.8009716530630788,0.08337243396063126,3.0,0.0
0.02,0.75,128,1.0,3,guard_1.0,8,1.0,1.0,1.0,1.0,0.0,0.0,0.7662080027739326,0.07180543451650889,3.0,0.0
0.02,1.0,8,0.0,0,estimated,8,1.0,0.375,0.375,0.75,0.0,0.625,0.4779479005763456,-0.0066423966584289625,3.0,0.0
0.02,1.0,8,0.0,1,estimated,8,1.0,0.25,0.25,1.0,0.0,0.75,0.6368815586566288,-0.004008357912678263,3.0,0.0
0.02,1.0,8,0.0,2,estimated,8,1.0,0.25,0.25,0.75,0.0,0.75,0.5688907592771664,-0.004354504830509389,3.0,0.0
0.02,1.0,8,0.0,3,estimated,8,1.0,0.25,0.25,0.625,0.0,0.75,0.6639181631839335,-0.01087294960555639,3.0,0.0
0.02,1.0,8,0.5,0,guard_0.5,8,1.0,0.875,0.875,1.0,0.0,0.125,0.4916866152074194,0.003805034793880214,3.0,0.0
0.02,1.0,8,0.5,1,guard_0.5,8,1.0,0.875,0.875,1.0,0.0,0.125,0.6560336039498367,0.0060889707377973605,3.0,0.0
0.02,1.0,8,0.5,2,guard_0.5,8,1.0,0.75,0.75,1.0,0.0,0.25,0.588110747285725,0.005071616842513456,3.0,0.0
0.02,1.0,8,0.5,3,guard_0.5,8,1.0,0.5,0.5,1.0,0.0,0.5,0.6773533214275714,-0.0012320359331219558,3.0,0.0
0.02,1.0,8,1.0,0,guard_1.0,8,1.0,0.875,0.875,1.0,0.0,0.125,0.5072467147583779,0.013966125162584674,3.0,0.0
0.02,1.0,8,1.0,1,guard_1.0,8,1.0,0.875,0.875,1.0,0.0,0.125,0.6752243721886027,0.015932391665060233,3.0,0.0
0.02,1.0,8,1.0,2,guard_1.0,8,1.0,0.875,0.875,1.0,0.0,0.125,0.6081239315579714,0.015045607410320804,3.0,0.0
0.02,1.0,8,1.0,3,guard_1.0,8,1.0,0.75,0.75,1.0,0.0,0.25,0.6931843026918169,0.010883229419959643,3.0,0.0
0.02,1.0,32,0.0,0,estimated,8,1.0,0.375,0.375,0.875,0.0,0.625,0.6593088202531316,-0.0011451728308233891,3.0,0.0
0.02,1.0,32,0.0,1,estimated,8,1.0,0.25,0.25,1.0,0.0,0.75,0.6120541246419666,-0.004277514949878502,3.0,0.0
0.02,1.0,32,0.0,2,estimated,8,1.0,0.25,0.25,1.0,0.0,0.75,0.667202960105847,-0.0008575806504476525,3.0,0.0
0.02,1.0,32,0.0,3,estimated,8,1.0,0.125,0.125,0.875,0.0,0.875,0.6494620872883771,-0.005280532546100145,3.0,0.0
0.02,1.0,32,0.5,0,guard_0.5,8,1.0,0.5,0.5,0.875,0.0,0.5,0.671196569160035,0.003775097177910785,3.0,0.0
0.02,1.0,32,0.5,1,guard_0.5,8,1.0,0.5,0.5,1.0,0.0,0.5,0.6220748305505461,0.0009308129801688242,3.0,0.0
0.02,1.0,32,0.5,2,guard_0.5,8,1.0,0.75,0.75,1.0,0.0,0.25,0.677877151569855,0.004268075950802176,3.0,0.0
0.02,1.0,32,0.5,3,guard_0.5,8,1.0,0.5,0.5,0.875,0.0,0.5,0.6601086301811612,-0.0003440190378207232,3.0,0.0
0.02,1.0,32,1.0,0,guard_1.0,8,1.0,1.0,1.0,1.0,0.0,0.0,0.6831738757115691,0.008695367186644987,3.0,0.0
0.02,1.0,32,1.0,1,guard_1.0,8,1.0,0.75,0.75,1.0,0.0,0.25,0.6322558288185182,0.0059592909386522175,3.0,0.0
0.02,1.0,32,1.0,2,guard_1.0,8,1.0,0.875,0.875,1.0,0.0,0.125,0.6886090223631764,0.009138940284331902,3.0,0.0
0.02,1.0,32,1.0,3,guard_1.0,8,1.0,0.75,0.75,1.0,0.0,0.25,0.6708458238915124,0.004593111946937119,3.0,0.0
0.02,1.0,128,0.0,0,estimated,8,1.0,0.375,0.375,1.0,0.0,0.625,0.6745711364655093,-0.0011782435107393976,3.0,0.0
0.02,1.0,128,0.0,1,estimated,8,1.0,0.0,0.0,0.75,0.0,1.0,0.6420680027425051,-0.0023314633204638037,3.0,0.0
0.02,1.0,128,0.0,2,estimated,8,1.0,0.125,0.125,0.875,0.0,0.875,0.6211027671113118,-0.001975105626216337,3.0,0.0
0.02,1.0,128,0.0,3,estimated,8,1.0,0.375,0.375,1.0,0.0,0.625,0.6269619140482523,-0.0017792702154059807,3.0,0.0
0.02,1.0,128,0.5,0,guard_0.5,8,1.0,0.625,0.625,1.0,0.0,0.375,0.6786430833596767,0.0013160122770628849,3.0,0.0
0.02,1.0,128,0.5,1,guard_0.5,8,1.0,0.625,0.625,1.0,0.0,0.375,0.6488540229113493,0.00014165938853260077,3.0,0.0
0.02,1.0,128,0.5,2,guard_0.5,8,1.0,0.625,0.625,1.0,0.0,0.375,0.6267451262345338,0.0005225495382889817,3.0,0.0
0.02,1.0,128,0.5,3,guard_0.5,8,1.0,0.625,0.625,1.0,0.0,0.375,0.6315501013515571,0.0005396253394093775,3.0,0.0
0.02,1.0,128,1.0,0,guard_1.0,8,1.0,0.875,0.875,1.0,0.0,0.125,0.6827183267485332,0.0038102680648654137,3.0,0.0
0.02,1.0,128,1.0,1,guard_1.0,8,1.0,1.0,1.0,1.0,0.0,0.0,0.6556620436571101,0.0026147820975289775,3.0,0.0
0.02,1.0,128,1.0,2,guard_1.0,8,1.0,0.75,0.75,1.0,0.0,0.25,0.6324267198202274,0.0030231054386366356,3.0,0.0
0.02,1.0,128,1.0,3,guard_1.0,8,1.0,0.75,0.75,1.0,0.0,0.25,0.6363942102065422,0.003040161071358769,3.0,0.0
0.02,1.25,8,0.0,0,estimated,8,1.0,0.0,0.0,0.5,0.0,1.0,0.49148173634761255,-0.13624394360778458,3.0,0.0
0.02,1.25,8,0.0,1,estimated,8,1.0,0.0,0.0,0.625,0.0,1.0,0.5379941633014784,-0.122891257283826,3.0,0.0
0.02,1.25,8,0.0,2,estimated,8,1.0,0.0,0.0,0.75,0.0,1.0,0.5194862127313408,-0.1598469403443003,3.0,0.0
0.02,1.25,8,0.0,3,estimated,8,1.0,0.0,0.0,0.25,0.0,1.0,0.4606964937589037,-0.09773117259070038,3.0,0.0
0.02,1.25,8,0.5,0,guard_0.5,8,1.0,0.0,0.0,0.625,0.0,1.0,0.5073510467438852,-0.1271144152366433,3.0,0.0
0.02,1.25,8,0.5,1,guard_0.5,8,1.0,0.0,0.0,0.625,0.0,1.0,0.5553947781483402,-0.11420591831404565,3.0,0.0
0.02,1.25,8,0.5,2,guard_0.5,8,1.0,0.0,0.0,0.75,0.0,1.0,0.5367036125527291,-0.1435017745323826,3.0,0.0
0.02,1.25,8,0.5,3,guard_0.5,8,1.0,0.0,0.0,0.375,0.0,1.0,0.4797035913602445,-0.08266080382843322,3.0,0.0
0.02,1.25,8,1.0,0,guard_1.0,8,1.0,0.0,0.0,0.625,0.0,1.0,0.5236814246517222,-0.11777998752693852,3.0,0.0
0.02,1.25,8,1.0,1,guard_1.0,8,1.0,0.0,0.0,0.625,0.0,1.0,0.5729751942153012,-0.10551747420668126,3.0,0.0
0.02,1.25,8,1.0,2,guard_1.0,8,1.0,0.0,0.0,0.75,0.0,1.0,0.5541396347983535,-0.12772289724902747,3.0,0.0
0.02,1.25,8,1.0,3,guard_1.0,8,1.0,0.0,0.0,0.375,0.0,1.0,0.4987983803596379,-0.07125755648420051,3.0,0.0
0.02,1.25,32,0.0,0,estimated,8,1.0,0.0,0.0,0.5,0.0,1.0,0.48013571367617824,-0.18007548980518,3.0,0.0
0.02,1.25,32,0.0,1,estimated,8,1.0,0.0,0.0,0.375,0.0,1.0,0.37464151655599215,-0.09006811461051624,3.0,0.0
0.02,1.25,32,0.0,2,estimated,8,1.0,0.0,0.0,0.625,0.0,1.0,0.4938125128578891,-0.14165926944880342,3.0,0.0
0.02,1.25,32,0.0,3,estimated,8,1.0,0.0,0.0,0.5,0.0,1.0,0.3684772640284085,-0.10040462911204298,3.0,0.0
0.02,1.25,32,0.5,0,guard_0.5,8,1.0,0.0,0.0,0.5,0.0,1.0,0.48524995394914067,-0.17403163380522255,3.0,0.0
0.02,1.25,32,0.5,1,guard_0.5,8,1.0,0.0,0.0,0.375,0.0,1.0,0.3805349580737377,-0.08498597439547853,3.0,0.0
0.02,1.25,32,0.5,2,guard_0.5,8,1.0,0.0,0.0,0.625,0.0,1.0,0.49983618741800084,-0.1365535575015394,3.0,0.0
0.02,1.25,32,0.5,3,guard_0.5,8,1.0,0.0,0.0,0.5,0.0,1.0,0.37462059797732183,-0.09616030408277768,3.0,0.0
0.02,1.25,32,1.0,0,guard_1.0,8,1.0,0.0,0.0,0.5,0.0,1.0,0.4904108404184947,-0.16799000792755298,3.0,0.0
0.02,1.25,32,1.0,1,guard_1.0,8,1.0,0.0,0.0,0.375,0.0,1.0,0.3866550730306261,-0.07969546123923382,3.0,0.0
0.02,1.25,32,1.0,2,guard_1.0,8,1.0,0.0,0.0,0.625,0.0,1.0,0.5058814635120401,-0.13143662874526704,3.0,0.0
0.02,1.25,32,1.0,3,guard_1.0,8,1.0,0.0,0.0,0.5,0.0,1.0,0.38141142287447466,-0.09069366943314804,3.0,0.0
0.02,1.25,128,0.0,0,estimated,8,1.0,0.0,0.0,0.5,0.0,1.0,0.36426554153414176,-0.11884591377770928,3.0,0.0
0.02,1.25,128,0.0,1,estimated,8,1.0,0.0,0.0,0.5,0.0,1.0,0.5435237685137195,-0.19004759401683077,3.0,0.0
0.02,1.25,128,0.0,2,estimated,8,1.0,0.0,0.0,0.875,0.0,1.0,0.5513097264805745,-0.1456022660723888,3.0,0.0
0.02,1.25,128,0.0,3,estimated,8,1.0,0.0,0.0,0.5,0.0,1.0,0.44920634106643204,-0.16371759376238398,3.0,0.0
0.02,1.25,128,0.5,0,guard_0.5,8,1.0,0.0,0.0,0.5,0.0,1.0,0.3672486613298345,-0.11653066682076699,3.0,0.0
0.02,1.25,128,0.5,1,guard_0.5,8,1.0,0.0,0.0,0.5,0.0,1.0,0.5458379868105812,-0.18795753002440363,3.0,0.0
0.02,1.25,128,0.5,2,guard_0.5,8,1.0,0.0,0.0,0.875,0.0,1.0,0.5561254985981958,-0.14309340300183138,3.0,0.0
0.02,1.25,128,0.5,3,guard_0.5,8,1.0,0.0,0.0,0.5,0.0,1.0,0.45152114338085325,-0.16061522404201362,3.0,0.0
0.02,1.25,128,1.0,0,guard_1.0,8,1.0,0.0,0.0,0.5,0.0,1.0,0.37031020767841466,-0.11411681321784889,3.0,0.0
0.02,1.25,128,1.0,1,guard_1.0,8,1.0,0.0,0.0,0.625,0.0,1.0,0.5481581405378162,-0.18586746603197643,3.0,0.0
0.02,1.25,128,1.0,2,guard_1.0,8,1.0,0.0,0.0,0.875,0.0,1.0,0.5609842631730064,-0.14058453993127407,3.0,0.0
0.02,1.25,128,1.0,3,guard_1.0,8,1.0,0.0,0.0,0.5,0.0,1.0,0.45383901022637035,-0.15751285432164316,3.0,0.0
0.05,0.75,8,0.0,0,estimated,8,1.0,1.0,1.0,1.0,0.0,0.0,0.9368767397092221,0.06523050526217389,3.0,0.0
0.05,0.75,8,0.0,1,estimated,8,1.0,1.0,1.0,1.0,0.0,0.0,0.7544096063546613,0.0916470211809079,3.0,0.0
0.05,0.75,8,0.0,2,estimated,8,1.0,1.0,1.0,1.0,0.0,0.0,0.8864829777946676,0.0842818469426993,3.0,0.0
0.05,0.75,8,0.0,3,estimated,8,1.0,1.0,1.0,1.0,0.0,0.0,0.9124639384418791,0.09109438873473222,3.0,0.0
0.05,0.75,8,0.5,0,guard_0.5,8,1.0,1.0,1.0,1.0,0.0,0.0,1.0604898230752724,0.09234981670638279,3.0,0.0
0.05,0.75,8,0.5,1,guard_0.5,8,1.0,1.0,1.0,1.0,0.0,0.0,0.8004301869591477,0.11612647231730143,3.0,0.0
0.05,0.75,8,0.5,2,guard_0.5,8,1.0,1.0,1.0,1.0,0.0,0.0,0.9815629863303794,0.11759064893397526,3.0,0.0
0.05,0.75,8,0.5,3,guard_0.5,8,1.0,1.0,1.0,1.0,0.0,0.0,1.0218228087389336,0.12302117671682875,3.0,0.0
0.05,0.75,8,1.0,0,guard_1.0,8,1.0,1.0,1.0,1.0,0.0,0.0,1.1937697628873563,0.12371349248926797,3.0,0.0
0.05,0.75,8,1.0,1,guard_1.0,8,1.0,1.0,1.0,1.0,0.0,0.0,0.85040145817906,0.14051397821978776,3.0,0.0
0.05,0.75,8,1.0,2,guard_1.0,8,1.0,1.0,1.0,1.0,0.0,0.0,1.0812829813322749,0.15133234751456076,3.0,0.0
0.05,0.75,8,1.0,3,guard_1.0,8,1.0,1.0,1.0,1.0,0.0,0.0,1.1430940497788529,0.1606128961008203,3.0,0.0
0.05,0.75,32,0.0,0,estimated,8,1.0,1.0,1.0,1.0,0.0,0.0,0.84749003973018,0.08336761706173797,3.0,0.0
0.05,0.75,32,0.0,1,estimated,8,1.0,1.0,1.0,1.0,0.0,0.0,0.7555165925354411,0.06351217376857168,3.0,0.0
0.05,0.75,32,0.0,2,estimated,8,1.0,1.0,1.0,1.0,0.0,0.0,0.911692784810654,0.08815642384338965,3.0,0.0
0.05,0.75,32,0.0,3,estimated,8,1.0,1.0,1.0,1.0,0.0,0.0,0.6328938282486146,0.05680354387637916,3.0,0.0
0.05,0.75,32,0.5,0,guard_0.5,8,1.0,1.0,1.0,1.0,0.0,0.0,0.8738667672745022,0.09988618946137315,3.0,0.0
0.05,0.75,32,0.5,1,guard_0.5,8,1.0,1.0,1.0,1.0,0.0,0.0,0.793516739155735,0.07734215905528097,3.0,0.0
0.05,0.75,32,0.5,2,guard_0.5,8,1.0,1.0,1.0,1.0,0.0,0.0,0.9426273372319173,0.09817555482741741,3.0,0.0
0.05,0.75,32,0.5,3,guard_0.5,8,1.0,1.0,1.0,1.0,0.0,0.0,0.6697517963159718,0.07210096463100066,3.0,0.0
0.05,0.75,32,1.0,0,guard_1.0,8,1.0,1.0,1.0,1.0,0.0,0.0,0.9004527870085843,0.11640476186100819,3.0,0.0
0.05,0.75,32,1.0,1,guard_1.0,8,1.0,1.0,1.0,1.0,0.0,0.0,0.8335183547524354,0.09276818675423788,3.0,0.0
0.05,0.75,32,1.0,2,guard_1.0,8,1.0,1.0,1.0,1.0,0.0,0.0,0.9742641795916878,0.1088212056380735,3.0,0.0
0.05,0.75,32,1.0,3,guard_1.0,8,1.0,1.0,1.0,1.0,0.0,0.0,0.7075268189968662,0.08839885537235781,3.0,0.0
0.05,0.75,128,0.0,0,estimated,8,1.0,1.0,1.0,1.0,0.0,0.0,0.8876151373812182,0.06468435826765553,3.0,0.0
0.05,0.75,128,0.0,1,estimated,8,1.0,1.0,1.0,1.0,0.0,0.0,0.6817328228689639,0.0547623663256253,3.0,0.0
0.05,0.75,128,0.0,2,estimated,8,1.0,1.0,1.0,1.0,0.0,0.0,0.8802304140505233,0.06507620828938662,3.0,0.0
0.05,0.75,128,0.0,3,estimated,8,1.0,1.0,1.0,1.0,0.0,0.0,0.7784242814241653,0.06097513949764839,3.0,0.0
0.05,0.75,128,0.5,0,guard_0.5,8,1.0,1.0,1.0,1.0,0.0,0.0,0.9069924458188281,0.07235686726426599,3.0,0.0
0.05,0.75,128,0.5,1,guard_0.5,8,1.0,1.0,1.0,1.0,0.0,0.0,0.6984505200021451,0.06178092927619421,3.0,0.0
0.05,0.75,128,0.5,2,guard_0.5,8,1.0,1.0,1.0,1.0,0.0,0.0,0.8964116259810911,0.07029962267762294,3.0,0.0
0.05,0.75,128,0.5,3,guard_0.5,8,1.0,1.0,1.0,1.0,0.0,0.0,0.7951641218656089,0.0693317584675229,3.0,0.0
0.05,0.75,128,1.0,0,guard_1.0,8,1.0,1.0,1.0,1.0,0.0,0.0,0.9265166111857143,0.08002937626087647,3.0,0.0
0.05,0.75,128,1.0,1,guard_1.0,8,1.0,1.0,1.0,1.0,0.0,0.0,0.7162003231371078,0.06948359851882041,3.0,0.0
0.05,0.75,128,1.0,2,guard_1.0,8,1.0,1.0,1.0,1.0,0.0,0.0,0.9145390111253706,0.07765887942828283,3.0,0.0
0.05,0.75,128,1.0,3,guard_1.0,8,1.0,1.0,1.0,1.0,0.0,0.0,0.8121617142084683,0.07761124387856305,3.0,0.0
0.05,1.0,8,0.0,0,estimated,8,1.0,0.125,0.125,1.0,0.0,0.875,0.5724107472838025,-0.01409708600553487,3.0,0.0
0.05,1.0,8,0.0,1,estimated,8,1.0,0.5,0.5,0.875,0.0,0.5,0.7169385524108668,0.0076786874956690735,3.0,0.0
0.05,1.0,8,0.0,2,estimated,8,1.0,0.375,0.375,0.875,0.0,0.625,0.48007310993285846,-0.0037465296238276442,3.0,0.0
0.05,1.0,8,0.0,3,estimated,8,1.0,0.375,0.375,0.75,0.0,0.625,0.7419486906330502,0.008420012102347194,3.0,0.0
0.05,1.0,8,0.5,0,guard_0.5,8,1.0,0.875,0.875,1.0,0.0,0.125,0.6339489734568244,0.012038317573501503,3.0,0.0
0.05,1.0,8,0.5,1,guard_0.5,8,1.0,0.75,0.75,1.0,0.0,0.25,0.7673658529512515,0.03057765359593058,3.0,0.0
0.05,1.0,8,0.5,2,guard_0.5,8,1.0,0.875,0.875,1.0,0.0,0.125,0.5367917897145145,0.022868090849040925,3.0,0.0
0.05,1.0,8,0.5,3,guard_0.5,8,1.0,1.0,1.0,1.0,0.0,0.0,0.8121284855494499,0.03447414529025261,3.0,0.0
0.05,1.0,8,1.0,0,guard_1.0,8,1.0,0.875,0.875,1.0,0.0,0.125,0.6984322953171468,0.036815871880962775,3.0,0.0
0.05,1.0,8,1.0,1,guard_1.0,8,1.0,1.0,1.0,1.0,0.0,0.0,0.8201411323980378,0.05272809282445875,3.0,0.0
0.05,1.0,8,1.0,2,guard_1.0,8,1.0,1.0,1.0,1.0,0.0,0.0,0.5969141653816119,0.046708845551437846,3.0,0.0
0.05,1.0,8,1.0,3,guard_1.0,8,1.0,1.0,1.0,1.0,0.0,0.0,0.8837198397916941,0.06042691096108328,3.0,0.0
0.05,1.0,32,0.0,0,estimated,8,1.0,0.375,0.375,0.75,0.0,0.625,0.6746278234160756,-0.0015656612010269202,3.0,0.0
0.05,1.0,32,0.0,1,estimated,8,1.0,0.375,0.375,1.0,0.0,0.625,0.5455469963573008,-0.008373701674584347,3.0,0.0
0.05,1.0,32,0.0,2,estimated,8,1.0,0.5,0.5,0.75,0.0,0.5,0.5524867657814057,-0.0016845700838239615,3.0,0.0
0.05,1.0,32,0.0,3,estimated,8,1.0,0.125,0.125,0.75,0.0,0.875,0.6938826333519397,-0.007671218835619465,3.0,0.0
0.05,1.0,32,0.5,0,guard_0.5,8,1.0,0.75,0.75,0.875,0.0,0.25,0.7078693816588213,0.011115550140613564,3.0,0.0
0.05,1.0,32,0.5,1,guard_0.5,8,1.0,0.625,0.625,1.0,0.0,0.375,0.5706996818053788,0.003686502858931781,3.0,0.0
0.05,1.0,32,0.5,2,guard_0.5,8,1.0,0.875,0.875,1.0,0.0,0.125,0.5790360853826191,0.009693908181002037,3.0,0.0
0.05,1.0,32,0.5,3,guard_0.5,8,1.0,0.625,0.625,1.0,0.0,0.375,0.7264178434132013,0.007195955645853956,3.0,0.0
0.05,1.0,32,1.0,0,guard_1.0,8,1.0,0.875,0.875,0.875,0.0,0.125,0.7414951501301303,0.023834256953730346,3.0,0.0
0.05,1.0,32,1.0,1,guard_1.0,8,1.0,0.875,0.875,1.0,0.0,0.125,0.5969467350404192,0.01620336275266469,3.0,0.0
0.05,1.0,32,1.0,2,guard_1.0,8,1.0,0.875,0.875,1.0,0.0,0.125,0.6083489476927586,0.019951822790755344,3.0,0.0
0.05,1.0,32,1.0,3,guard_1.0,8,1.0,0.875,0.875,1.0,0.0,0.125,0.7605379177704024,0.021643081607163838,3.0,0.0
0.05,1.0,128,0.0,0,estimated,8,1.0,0.125,0.125,0.875,0.0,0.875,0.6499932441993284,-0.002748661305946816,3.0,0.0
0.05,1.0,128,0.0,1,estimated,8,1.0,0.375,0.375,0.75,0.0,0.625,0.6363640527842743,-0.0016890812423556306,3.0,0.0
0.05,1.0,128,0.0,2,estimated,8,1.0,0.125,0.125,0.625,0.0,0.875,0.5137869433304004,-0.006306099161187767,3.0,0.0
0.05,1.0,128,0.0,3,estimated,8,1.0,0.125,0.125,0.75,0.0,0.875,0.6338294785781164,-0.008602587667451454,3.0,0.0
0.05,1.0,128,0.5,0,guard_0.5,8,1.0,0.875,0.875,1.0,0.0,0.125,0.6598692337928509,0.0034884054070644134,3.0,0.0
0.05,1.0,128,0.5,1,guard_0.5,8,1.0,0.875,0.875,1.0,0.0,0.125,0.6476850389979872,0.004877575336803358,3.0,0.0
0.05,1.0,128,0.5,2,guard_0.5,8,1.0,0.5,0.5,0.625,0.0,0.5,0.5243450070076626,-0.00024438107108878254,3.0,0.0
0.05,1.0,128,0.5,3,guard_0.5,8,1.0,0.5,0.5,0.875,0.0,0.5,0.6405758359037483,-0.002060547244816642,3.0,0.0
0.05,1.0,128,1.0,0,guard_1.0,8,1.0,0.875,0.875,1.0,0.0,0.125,0.6700348516789567,0.010163001208084738,3.0,0.0
0.05,1.0,128,1.0,1,guard_1.0,8,1.0,1.0,1.0,1.0,0.0,0.0,0.6590394041642637,0.011343051521610623,3.0,0.0
0.05,1.0,128,1.0,2,guard_1.0,8,1.0,0.875,0.875,0.875,0.0,0.125,0.5349263152436711,0.0057955727921832935,3.0,0.0
0.05,1.0,128,1.0,3,guard_1.0,8,1.0,0.75,0.75,1.0,0.0,0.25,0.6494499466489776,0.006109822449316304,3.0,0.0
0.05,1.25,8,0.0,0,estimated,8,1.0,0.0,0.0,0.625,0.0,1.0,0.4404774526161583,-0.10341451412660164,3.0,0.0
0.05,1.25,8,0.0,1,estimated,8,1.0,0.0,0.0,0.25,0.0,1.0,0.44842942611427106,-0.08895814187115242,3.0,0.0
0.05,1.25,8,0.0,2,estimated,8,1.0,0.0,0.0,0.375,0.0,1.0,0.5849160538874003,-0.09417716163372519,3.0,0.0
0.05,1.25,8,0.0,3,estimated,8,1.0,0.0,0.0,0.5,0.0,1.0,0.45850977448678054,-0.153838733058658,3.0,0.0
0.05,1.25,8,0.5,0,guard_0.5,8,1.0,0.125,0.125,0.875,0.0,0.875,0.4813450781010302,-0.0804772032482013,3.0,0.0
0.05,1.25,8,0.5,1,guard_0.5,8,1.0,0.0,0.0,0.625,0.0,1.0,0.49584112821281223,-0.049362234951296005,3.0,0.0
0.05,1.25,8,0.5,2,guard_0.5,8,1.0,0.0,0.0,0.375,0.0,1.0,0.6448755567998351,-0.06102514199691944,3.0,0.0
0.05,1.25,8,0.5,3,guard_0.5,8,1.0,0.0,0.0,0.875,0.0,1.0,0.4872999311763072,-0.12053949008326706,3.0,0.0
0.05,1.25,8,1.0,0,guard_1.0,8,1.0,0.125,0.125,1.0,0.0,0.875,0.5243175587490777,-0.05640005167870746,3.0,0.0
0.05,1.25,8,1.0,1,guard_1.0,8,1.0,0.25,0.25,0.75,0.0,0.75,0.5475998786169542,-0.02278245334665964,3.0,0.0
0.05,1.25,8,1.0,2,guard_1.0,8,1.0,0.375,0.375,0.75,0.0,0.625,0.7129641855657642,-0.02762174586502254,3.0,0.0
0.05,1.25,8,1.0,3,guard_1.0,8,1.0,0.125,0.125,0.875,0.0,0.875,0.5211337600346966,-0.08401602083443142,3.0,0.0
0.05,1.25,32,0.0,0,estimated,8,1.0,0.0,0.0,0.125,0.0,1.0,0.4450423058740497,-0.1451836768824196,3.0,0.0
0.05,1.25,32,0.0,1,estimated,8,1.0,0.0,0.0,0.375,0.0,1.0,0.464487167184782,-0.18077528184450364,3.0,0.0
0.05,1.25,32,0.0,2,estimated,8,1.0,0.0,0.0,0.625,0.0,1.0,0.46988043103797855,-0.10958085186200187,3.0,0.0
0.05,1.25,32,0.0,3,estimated,8,1.0,0.0,0.0,0.375,0.0,1.0,0.43957946446053797,-0.18680013070467033,3.0,0.0
0.05,1.25,32,0.5,0,guard_0.5,8,1.0,0.0,0.0,0.125,0.0,1.0,0.4603692006513429,-0.12170413926071257,3.0,0.0
0.05,1.25,32,0.5,1,guard_0.5,8,1.0,0.0,0.0,0.5,0.0,1.0,0.4757736688015016,-0.17070796409970668,3.0,0.0
0.05,1.25,32,0.5,2,guard_0.5,8,1.0,0.0,0.0,0.625,0.0,1.0,0.49082379411401084,-0.09205058207398223,3.0,0.0
0.05,1.25,32,0.5,3,guard_0.5,8,1.0,0.0,0.0,0.625,0.0,1.0,0.45622355324115593,-0.17181536050714602,3.0,0.0
0.05,1.25,32,1.0,0,guard_1.0,8,1.0,0.0,0.0,0.125,0.0,1.0,0.476861190638463,-0.100138644253951,3.0,0.0
0.05,1.25,32,1.0,1,guard_1.0,8,1.0,0.0,0.0,0.5,0.0,1.0,0.4877661827724262,-0.15916794644730253,3.0,0.0
0.05,1.25,32,1.0,2,guard_1.0,8,1.0,0.0,0.0,0.75,0.0,1.0,0.5124662162330537,-0.07371066165402826,3.0,0.0
0.05,1.25,32,1.0,3,guard_1.0,8,1.0,0.0,0.0,0.625,0.0,1.0,0.47640539950468025,-0.15199334852216786,3.0,0.0
0.05,1.25,128,0.0,0,estimated,8,1.0,0.0,0.0,0.375,0.0,1.0,0.4096076876827711,-0.12182457300689799,3.0,0.0
0.05,1.25,128,0.0,1,estimated,8,1.0,0.0,0.0,0.5,0.0,1.0,0.44808568224685535,-0.11083910781936243,3.0,0.0
0.05,1.25,128,0.0,2,estimated,8,1.0,0.0,0.0,0.625,0.0,1.0,0.46516894095428396,-0.11009683898022153,3.0,0.0
0.05,1.25,128,0.0,3,estimated,8,1.0,0.0,0.0,0.5,0.0,1.0,0.4891632540688816,-0.18718944438201662,3.0,0.0
0.05,1.25,128,0.5,0,guard_0.5,8,1.0,0.0,0.0,0.5,0.0,1.0,0.41813547219651004,-0.1131864491134691,3.0,0.0
0.05,1.25,128,0.5,1,guard_0.5,8,1.0,0.0,0.0,0.625,0.0,1.0,0.45811500613807876,-0.10269517888877087,3.0,0.0
0.05,1.25,128,0.5,2,guard_0.5,8,1.0,0.0,0.0,0.625,0.0,1.0,0.4775212345796092,-0.10240309514521528,3.0,0.0
0.05,1.25,128,0.5,3,guard_0.5,8,1.0,0.0,0.0,0.5,0.0,1.0,0.49824177486389537,-0.18135586581161142,3.0,0.0
0.05,1.25,128,1.0,0,guard_1.0,8,1.0,0.0,0.0,0.5,0.0,1.0,0.4268368919404164,-0.10343740399040446,3.0,0.0
0.05,1.25,128,1.0,1,guard_1.0,8,1.0,0.0,0.0,0.75,0.0,1.0,0.46820652404987534,-0.09464463872517971,3.0,0.0
0.05,1.25,128,1.0,2,guard_1.0,8,1.0,0.0,0.0,0.75,0.0,1.0,0.49001673036620974,-0.09456444492136493,3.0,0.0
0.05,1.25,128,1.0,3,guard_1.0,8,1.0,0.0,0.0,0.5,0.0,1.0,0.5076617304789801,-0.17400403482554344,3.0,0.0
0.1,0.75,8,0.0,0,estimated,8,1.0,0.625,0.625,1.0,0.0,0.375,0.9024275231451944,0.06134487210091073,3.0,0.0
0.1,0.75,8,0.0,1,estimated,8,1.0,0.75,0.75,1.0,0.0,0.25,0.8777279736177019,0.02037305531966968,3.0,0.0
0.1,0.75,8,0.0,2,estimated,8,1.0,0.625,0.625,0.75,0.0,0.125,1.0038419750659298,-0.07629467969545166,3.0,0.0
0.1,0.75,8,0.0,3,estimated,8,1.0,0.875,0.875,1.0,0.0,0.125,0.8337813577489135,0.06335368642115655,3.0,0.0
0.1,0.75,8,0.5,0,guard_0.5,8,1.0,0.75,0.75,0.875,0.0,0.125,0.8110135337869363,0.0382828593942173,3.0,0.0
0.1,0.75,8,0.5,1,guard_0.5,8,1.0,0.75,0.75,1.0,0.0,0.25,1.0803019585171767,0.06870368206398245,3.0,0.0
0.1,0.75,8,0.5,2,guard_0.5,8,1.0,0.75,0.75,0.75,0.0,0.0,1.1836282556403206,-0.044025869886859324,3.0,0.0
0.1,0.75,8,0.5,3,guard_0.5,8,1.0,1.0,1.0,1.0,0.0,0.0,0.9345267198439886,0.10786836653861517,3.0,0.0
0.1,0.75,8,1.0,0,guard_1.0,8,1.0,0.75,0.75,0.875,0.0,0.125,0.956562511994731,0.08542646960192568,3.0,0.0
0.1,0.75,8,1.0,1,guard_1.0,8,1.0,0.75,0.75,1.0,0.0,0.25,1.2945464176881807,0.116646989520792,3.0,0.0
0.1,0.75,8,1.0,2,guard_1.0,8,1.0,0.75,0.75,0.75,0.0,0.0,1.3992737072824888,0.004318497627094561,3.0,0.0
0.1,0.75,8,1.0,3,guard_1.0,8,1.0,1.0,1.0,1.0,0.0,0.0,1.0423802433033449,0.15392967428558002,3.0,0.0
0.1,0.75,32,0.0,0,estimated,8,1.0,0.875,0.875,1.0,0.0,0.125,0.7705685304418054,0.04166896290361019,3.0,0.0
0.1,0.75,32,0.0,1,estimated,8,1.0,1.0,1.0,1.0,0.0,0.0,0.8030324160351566,0.07588559320224737,3.0,0.0
0.1,0.75,32,0.0,2,estimated,8,1.0,0.875,0.875,1.0,0.0,0.125,0.80444832283568,0.048319005347954,3.0,0.0
0.1,0.75,32,0.0,3,estimated,8,1.0,1.0,1.0,1.0,0.0,0.0,0.7797675415988929,0.06625777036135787,3.0,0.0
0.1,0.75,32,0.5,0,guard_0.5,8,1.0,0.875,0.875,1.0,0.0,0.125,0.8307554150225163,0.06482342624900575,3.0,0.0
0.1,0.75,32,0.5,1,guard_0.5,8,1.0,1.0,1.0,1.0,0.0,0.0,0.85296193627418,0.09741342007851674,3.0,0.0
0.1,0.75,32,0.5,2,guard_0.5,8,1.0,0.875,0.875,1.0,0.0,0.125,0.8843546395227142,0.0667225929233469,3.0,0.0
0.1,0.75,32,0.5,3,guard_0.5,8,1.0,1.0,1.0,1.0,0.0,0.0,0.8531315083962259,0.0918900484941587,3.0,0.0
0.1,0.75,32,1.0,0,guard_1.0,8,1.0,0.875,0.875,1.0,0.0,0.125,0.895860579515573,0.08866283530987581,3.0,0.0
0.1,0.75,32,1.0,1,guard_1.0,8,1.0,1.0,1.0,1.0,0.0,0.0,0.9072691105858592,0.1248408387398725,3.0,0.0
0.1,0.75,32,1.0,2,guard_1.0,8,1.0,0.875,0.875,1.0,0.0,0.125,0.967279175534664,0.08967257302129936,3.0,0.0
0.1,0.75,32,1.0,3,guard_1.0,8,1.0,1.0,1.0,1.0,0.0,0.0,0.9334461488311647,0.11768166637083789,3.0,0.0
0.1,0.75,128,0.0,0,estimated,8,1.0,1.0,1.0,1.0,0.0,0.0,0.7019314623724615,0.07021546633304701,3.0,0.0
0.1,0.75,128,0.0,1,estimated,8,1.0,1.0,1.0,1.0,0.0,0.0,0.7905646837483418,0.0714012842303133,3.0,0.0
0.1,0.75,128,0.0,2,estimated,8,1.0,1.0,1.0,1.0,0.0,0.0,0.781723508686747,0.06238955099351636,3.0,0.0
0.1,0.75,128,0.0,3,estimated,8,1.0,1.0,1.0,1.0,0.0,0.0,0.8272546765123405,0.06607657952210469,3.0,0.0
0.1,0.75,128,0.5,0,guard_0.5,8,1.0,1.0,1.0,1.0,0.0,0.0,0.7316626861055046,0.08378199609459719,3.0,0.0
0.1,0.75,128,0.5,1,guard_0.5,8,1.0,1.0,1.0,1.0,0.0,0.0,0.8252649195888422,0.08496938647034101,3.0,0.0
0.1,0.75,128,0.5,2,guard_0.5,8,1.0,1.0,1.0,1.0,0.0,0.0,0.8243838019980066,0.06927080779148191,3.0,0.0
0.1,0.75,128,0.5,3,guard_0.5,8,1.0,1.0,1.0,1.0,0.0,0.0,0.8575014500674196,0.07967779414657603,3.0,0.0
0.1,0.75,128,1.0,0,guard_1.0,8,1.0,1.0,1.0,1.0,0.0,0.0,0.7636624639121732,0.09960227092576925,3.0,0.0
0.1,0.75,128,1.0,1,guard_1.0,8,1.0,1.0,1.0,1.0,0.0,0.0,0.8599948425527811,0.09846877476410576,3.0,0.0
0.1,0.75,128,1.0,2,guard_1.0,8,1.0,1.0,1.0,1.0,0.0,0.0,0.8689725155926107,0.08360024756066485,3.0,0.0
0.1,0.75,128,1.0,3,guard_1.0,8,1.0,1.0,1.0,1.0,0.0,0.0,0.8895856483544093,0.09266925543951043,3.0,0.0
0.1,1.0,8,0.0,0,estimated,8,1.0,0.5,0.5,0.875,0.0,0.5,0.6358188491794384,-0.003145279987619279,3.0,0.0
0.1,1.0,8,0.0,1,estimated,8,1.0,0.5,0.5,0.75,0.0,0.5,0.6433983998351716,-0.01344990146760203,3.0,0.0
0.1,1.0,8,0.0,2,estimated,8,1.0,0.25,0.25,0.875,0.0,0.75,0.6412842477154941,-0.004012412219760448,3.0,0.0
0.1,1.0,8,0.0,3,estimated,8,1.0,0.375,0.375,0.875,0.0,0.625,0.7944793310544669,-0.02473301958430186,3.0,0.0
0.1,1.0,8,0.5,0,guard_0.5,8,1.0,0.875,0.875,1.0,0.0,0.125,0.7225859418155405,0.04213355506191681,3.0,0.0
0.1,1.0,8,0.5,1,guard_0.5,8,1.0,0.625,0.625,0.875,0.0,0.375,0.7671920700720496,0.01965539022132111,3.0,0.0
0.1,1.0,8,0.5,2,guard_0.5,8,1.0,0.75,0.75,0.875,0.0,0.25,0.7807336251832426,0.041059268063110645,3.0,0.0
0.1,1.0,8,0.5,3,guard_0.5,8,1.0,0.75,0.75,1.0,0.0,0.25,0.9611133719650004,0.015255746013021128,3.0,0.0
0.1,1.0,8,1.0,0,guard_1.0,8,1.0,0.875,0.875,1.0,0.0,0.125,0.8121212914855764,0.08277379528807897,3.0,0.0
0.1,1.0,8,1.0,1,guard_1.0,8,1.0,0.75,0.75,0.875,0.0,0.25,0.8973809293325763,0.05606785676236928,3.0,0.0
0.1,1.0,8,1.0,2,guard_1.0,8,1.0,1.0,1.0,1.0,0.0,0.0,0.9289891878416774,0.0848277849596067,3.0,0.0
0.1,1.0,8,1.0,3,guard_1.0,8,1.0,0.75,0.75,1.0,0.0,0.25,1.1494228959751447,0.06600955947390602,3.0,0.0
0.1,1.0,32,0.0,0,estimated,8,1.0,0.5,0.5,1.0,0.0,0.5,0.5643875688362583,-0.004709706782980109,3.0,0.0
0.1,1.0,32,0.0,1,estimated,8,1.0,0.25,0.25,1.0,0.0,0.75,0.622381407775336,-0.006600624543065009,3.0,0.0
0.1,1.0,32,0.0,2,estimated,8,1.0,0.375,0.375,1.0,0.0,0.625,0.7344810830144513,-0.017893810105430393,3.0,0.0
0.1,1.0,32,0.0,3,estimated,8,1.0,0.25,0.25,1.0,0.0,0.75,0.5885975673016968,-0.014252403698927113,3.0,0.0
0.1,1.0,32,0.5,0,guard_0.5,8,1.0,0.875,0.875,1.0,0.0,0.125,0.6307132732196743,0.022853406887610696,3.0,0.0
0.1,1.0,32,0.5,1,guard_0.5,8,1.0,0.875,0.875,1.0,0.0,0.125,0.6665829222705919,0.015342313084347565,3.0,0.0
0.1,1.0,32,0.5,2,guard_0.5,8,1.0,0.5,0.5,1.0,0.0,0.5,0.7847109086797441,0.0038275609165047443,3.0,0.0
0.1,1.0,32,0.5,3,guard_0.5,8,1.0,0.625,0.625,1.0,0.0,0.375,0.6634828551858285,0.01408679755215485,3.0,0.0
0.1,1.0,32,1.0,0,guard_1.0,8,1.0,0.875,0.875,1.0,0.0,0.125,0.6999725716870547,0.049775876170138234,3.0,0.0
0.1,1.0,32,1.0,1,guard_1.0,8,1.0,1.0,1.0,1.0,0.0,0.0,0.713659643838809,0.03923260348562661,3.0,0.0
0.1,1.0,32,1.0,2,guard_1.0,8,1.0,0.75,0.75,1.0,0.0,0.25,0.8366077814670005,0.025612548428724846,3.0,0.0
0.1,1.0,32,1.0,3,guard_1.0,8,1.0,1.0,1.0,1.0,0.0,0.0,0.7429329699951133,0.036740579978544935,3.0,0.0
0.1,1.0,128,0.0,0,estimated,8,1.0,0.25,0.25,0.875,0.0,0.75,0.663436429812241,-0.009035813784520522,3.0,0.0
0.1,1.0,128,0.0,1,estimated,8,1.0,0.375,0.375,1.0,0.0,0.625,0.7334102606128896,-0.00855395213588412,3.0,0.0
0.1,1.0,128,0.0,2,estimated,8,1.0,0.375,0.375,0.875,0.0,0.625,0.6451093147208814,-0.005072611800946893,3.0,0.0
0.1,1.0,128,0.0,3,estimated,8,1.0,0.5,0.5,1.0,0.0,0.5,0.6526243761245658,-0.0036375586645962243,3.0,0.0
0.1,1.0,128,0.5,0,guard_0.5,8,1.0,0.625,0.625,0.875,0.0,0.375,0.6918426435181986,0.0028075350818566845,3.0,0.0
0.1,1.0,128,0.5,1,guard_0.5,8,1.0,0.5,0.5,1.0,0.0,0.5,0.7631289360573457,0.0033069370068470397,3.0,0.0
0.1,1.0,128,0.5,2,guard_0.5,8,1.0,0.75,0.75,0.875,0.0,0.25,0.6760213762092688,0.00734076177720493,3.0,0.0
0.1,1.0,128,0.5,3,guard_0.5,8,1.0,0.75,0.75,1.0,0.0,0.25,0.6913145114884075,0.00903764738329427,3.0,0.0
0.1,1.0,128,1.0,0,guard_1.0,8,1.0,0.875,0.875,1.0,0.0,0.125,0.7216435449815886,0.013813702077793383,3.0,0.0
0.1,1.0,128,1.0,1,guard_1.0,8,1.0,0.875,0.875,1.0,0.0,0.125,0.7933244160812091,0.015543918328460563,3.0,0.0
0.1,1.0,128,1.0,2,guard_1.0,8,1.0,0.875,0.875,0.875,0.0,0.125,0.7069859998812684,0.019754135355356597,3.0,0.0
0.1,1.0,128,1.0,3,guard_1.0,8,1.0,0.875,0.875,1.0,0.0,0.125,0.7303982165595195,0.022418847724196785,3.0,0.0
0.1,1.25,8,0.0,0,estimated,8,1.0,0.0,0.0,0.625,0.0,1.0,0.5057463977547966,-0.11149747764610085,3.0,0.0
0.1,1.25,8,0.0,1,estimated,8,1.0,0.0,0.0,0.5,0.0,1.0,0.599173968535922,-0.1480641721310531,3.0,0.0
0.1,1.25,8,0.0,2,estimated,8,1.0,0.0,0.0,1.0,0.0,1.0,0.5071892946910963,-0.07035238640610278,3.0,0.0
0.1,1.25,8,0.0,3,estimated,8,1.0,0.125,0.125,0.5,0.0,0.875,0.48456661690064134,-0.070906558820641,3.0,0.0
0.1,1.25,8,0.5,0,guard_0.5,8,1.0,0.125,0.125,1.0,0.0,0.875,0.5814272105683209,-0.06202871583250236,3.0,0.0
0.1,1.25,8,0.5,1,guard_0.5,8,1.0,0.125,0.125,0.875,0.0,0.875,0.6878037688155259,-0.10104063491766337,3.0,0.0
0.1,1.25,8,0.5,2,guard_0.5,8,1.0,0.125,0.125,1.0,0.0,0.875,0.6470456244907343,-0.026341680141664284,3.0,0.0
0.1,1.25,8,0.5,3,guard_0.5,8,1.0,0.125,0.125,0.625,0.0,0.875,0.567611589630795,-0.022855386305893313,3.0,0.0
0.1,1.25,8,1.0,0,guard_1.0,8,1.0,0.5,0.5,1.0,0.0,0.5,0.668327692536004,-0.01738218917204542,3.0,0.0
0.1,1.25,8,1.0,1,guard_1.0,8,1.0,0.5,0.5,1.0,0.0,0.5,0.7872847629525865,-0.050152574033235274,3.0,0.0
0.1,1.25,8,1.0,2,guard_1.0,8,1.0,0.75,0.75,1.0,0.0,0.25,0.7986204312428887,0.01760686513000638,3.0,0.0
0.1,1.25,8,1.0,3,guard_1.0,8,1.0,0.625,0.625,0.875,0.0,0.375,0.6649144214731051,0.026948989575634016,3.0,0.0
0.1,1.25,32,0.0,0,estimated,8,1.0,0.0,0.0,0.375,0.0,1.0,0.4973940543887156,-0.16815374453590307,3.0,0.0
0.1,1.25,32,0.0,1,estimated,8,1.0,0.0,0.0,0.5,0.0,1.0,0.4730766321838228,-0.07576033566666082,3.0,0.0
0.1,1.25,32,0.0,2,estimated,8,1.0,0.0,0.0,0.375,0.0,1.0,0.5260668176403176,-0.16525800890229245,3.0,0.0
0.1,1.25,32,0.0,3,estimated,8,1.0,0.0,0.0,0.75,0.0,1.0,0.44832965089596727,-0.09702440367126144,3.0,0.0
0.1,1.25,32,0.5,0,guard_0.5,8,1.0,0.125,0.125,0.625,0.0,0.875,0.539390437436063,-0.13622769065875845,3.0,0.0
0.1,1.25,32,0.5,1,guard_0.5,8,1.0,0.125,0.125,0.75,0.0,0.875,0.5300142738454199,-0.05248832274312811,3.0,0.0
0.1,1.25,32,0.5,2,guard_0.5,8,1.0,0.0,0.0,0.375,0.0,1.0,0.5571001278031045,-0.14353478098722863,3.0,0.0
0.1,1.25,32,0.5,3,guard_0.5,8,1.0,0.0,0.0,0.875,0.0,1.0,0.4951524658760784,-0.0733710258560219,3.0,0.0
0.1,1.25,32,1.0,0,guard_1.0,8,1.0,0.25,0.25,0.75,0.0,0.75,0.5856763978942146,-0.10306119583733836,3.0,0.0
0.1,1.25,32,1.0,1,guard_1.0,8,1.0,0.375,0.375,1.0,0.0,0.625,0.59065217919359,-0.029190884684860037,3.0,0.0
0.1,1.25,32,1.0,2,guard_1.0,8,1.0,0.125,0.125,0.75,0.0,0.875,0.5952429980934328,-0.10756613370140156,3.0,0.0
0.1,1.25,32,1.0,3,guard_1.0,8,1.0,0.25,0.25,1.0,0.0,0.75,0.545572282892987,-0.05167709469412348,3.0,0.0
0.1,1.25,128,0.0,0,estimated,8,1.0,0.0,0.0,0.75,0.0,1.0,0.39045903139184834,-0.10040274545245867,3.0,0.0
0.1,1.25,128,0.0,1,estimated,8,1.0,0.0,0.0,0.75,0.0,1.0,0.4097134649508718,-0.09980084765766183,3.0,0.0
0.1,1.25,128,0.0,2,estimated,8,1.0,0.0,0.0,0.5,0.0,1.0,0.44448035512511275,-0.130055329915966,3.0,0.0
0.1,1.25,128,0.0,3,estimated,8,1.0,0.0,0.0,0.5,0.0,1.0,0.45786592386038893,-0.1240832976476692,3.0,0.0
0.1,1.25,128,0.5,0,guard_0.5,8,1.0,0.0,0.0,0.75,0.0,1.0,0.40709879793956477,-0.08800016598411031,3.0,0.0
0.1,1.25,128,0.5,1,guard_0.5,8,1.0,0.0,0.0,0.75,0.0,1.0,0.42784723133535907,-0.0874576991205103,3.0,0.0
0.1,1.25,128,0.5,2,guard_0.5,8,1.0,0.0,0.0,0.5,0.0,1.0,0.46169975833191673,-0.11193468262743289,3.0,0.0
0.1,1.25,128,0.5,3,guard_0.5,8,1.0,0.0,0.0,0.75,0.0,1.0,0.4753216223318744,-0.11208846360104933,3.0,0.0
0.1,1.25,128,1.0,0,guard_1.0,8,1.0,0.0,0.0,0.75,0.0,1.0,0.42433746553179474,-0.0757641522162338,3.0,0.0
0.1,1.25,128,1.0,1,guard_1.0,8,1.0,0.0,0.0,0.75,0.0,1.0,0.4460655274027276,-0.0768577180356259,3.0,0.0
0.1,1.25,128,1.0,2,guard_1.0,8,1.0,0.0,0.0,0.75,0.0,1.0,0.48022525761805523,-0.09371231922716006,3.0,0.0
0.1,1.25,128,1.0,3,guard_1.0,8,1.0,0.0,0.0,0.875,0.0,1.0,0.4934037828530047,-0.09995756382088478,3.0,0.0
0.2,0.75,8,0.0,0,estimated,8,1.0,0.5,0.5,0.75,0.0,0.25,1.3053542907040192,-0.12274920252319144,3.0,0.0
0.2,0.75,8,0.0,1,estimated,8,1.0,0.625,0.625,0.875,0.0,0.25,1.3432884941203016,-0.20638740097017613,3.0,0.0
0.2,0.75,8,0.0,2,estimated,8,1.0,0.375,0.375,0.375,0.0,0.0,1.2987284491272615,-0.5930753045215167,3.0,0.0
0.2,0.75,8,0.0,3,estimated,8,1.0,0.625,0.625,0.75,0.0,0.125,1.0906760528652448,-0.011472040464378823,3.0,0.0
0.2,0.75,8,0.5,0,guard_0.5,8,1.0,0.5,0.5,0.75,0.0,0.25,1.8154286201694187,-0.10514608291666447,3.0,0.0
0.2,0.75,8,0.5,1,guard_0.5,8,1.0,0.75,0.75,0.75,0.0,0.0,1.452258988542687,-0.08054431009486206,3.0,0.0
0.2,0.75,8,0.5,2,guard_0.5,8,1.0,0.375,0.375,0.375,0.0,0.0,1.5362269784952334,-0.5531210549841177,3.0,0.0
0.2,0.75,8,0.5,3,guard_0.5,8,1.0,0.625,0.625,0.625,0.0,0.125,1.4880342693093465,0.06254751323310415,3.0,0.0
0.2,0.75,8,1.0,0,guard_1.0,8,1.0,0.5,0.5,0.5,0.0,0.0,1.8067959716679598,-0.0936197361591381,3.0,0.0
0.2,0.75,8,1.0,1,guard_1.0,8,1.0,0.75,0.75,0.75,0.0,0.0,1.8592134636649236,0.0064660078481931504,3.0,0.0
0.2,0.75,8,1.0,2,guard_1.0,8,1.0,0.25,0.25,0.25,0.0,0.0,1.186489560148601,-0.6775906646201607,3.0,0.0
0.2,0.75,8,1.0,3,guard_1.0,8,1.0,0.625,0.625,0.625,0.0,0.125,1.8910130367666056,0.16268569225217053,3.0,0.0
0.2,0.75,32,0.0,0,estimated,8,1.0,0.5,0.5,1.0,0.0,0.5,0.8140395464429798,0.004258262020504739,3.0,0.0
0.2,0.75,32,0.0,1,estimated,8,1.0,0.625,0.625,1.0,0.0,0.375,0.7792715081320455,0.02939945139517832,3.0,0.0
0.2,0.75,32,0.0,2,estimated,8,1.0,0.75,0.75,0.75,0.0,0.0,1.0826265762157996,-0.07455627148178126,3.0,0.0
0.2,0.75,32,0.0,3,estimated,8,1.0,0.875,0.875,0.875,0.0,0.0,0.8255845230492608,0.06467731188241088,3.0,0.0
0.2,0.75,32,0.5,0,guard_0.5,8,1.0,0.75,0.75,1.0,0.0,0.25,0.9478030101585582,0.051632585571186676,3.0,0.0
0.2,0.75,32,0.5,1,guard_0.5,8,1.0,0.75,0.75,1.0,0.0,0.25,0.9218464840478188,0.07232026802760731,3.0,0.0
0.2,0.75,32,0.5,2,guard_0.5,8,1.0,0.75,0.75,0.75,0.0,0.0,1.2650312701334965,-0.04354364937551117,3.0,0.0
0.2,0.75,32,0.5,3,guard_0.5,8,1.0,0.875,0.875,0.875,0.0,0.0,0.9301741484893211,0.10648511360301782,3.0,0.0
0.2,0.75,32,1.0,0,guard_1.0,8,1.0,0.75,0.75,1.0,0.0,0.25,1.1058540901277758,0.10137721261401945,3.0,0.0
0.2,0.75,32,1.0,1,guard_1.0,8,1.0,0.875,0.875,1.0,0.0,0.125,1.0771741711257505,0.12234272244929811,3.0,0.0
0.2,0.75,32,1.0,2,guard_1.0,8,1.0,0.75,0.75,0.75,0.0,0.0,1.4537166638965633,-0.012198141421549506,3.0,0.0
0.2,0.75,32,1.0,3,guard_1.0,8,1.0,0.875,0.875,0.875,0.0,0.0,1.0397018980894543,0.1480532170918271,3.0,0.0
0.2,0.75,128,0.0,0,estimated,8,1.0,1.0,1.0,1.0,0.0,0.0,0.7603041843756062,0.06581017937966147,3.0,0.0
0.2,0.75,128,0.0,1,estimated,8,1.0,0.75,0.75,0.75,0.0,0.0,1.030188101203209,-0.1877253481085467,3.0,0.0
0.2,0.75,128,0.0,2,estimated,8,1.0,0.875,0.875,1.0,0.0,0.125,0.8981551433251271,0.07816140359270432,3.0,0.0
0.2,0.75,128,0.0,3,estimated,8,1.0,0.75,0.75,1.0,0.0,0.25,0.9987848675524582,0.04476380917429716,3.0,0.0
0.2,0.75,128,0.5,0,guard_0.5,8,1.0,1.0,1.0,1.0,0.0,0.0,0.8099021720331934,0.097128037869434,3.0,0.0
0.2,0.75,128,0.5,1,guard_0.5,8,1.0,0.75,0.75,0.75,0.0,0.0,1.1330016459867653,-0.1584848876330855,3.0,0.0
0.2,0.75,128,0.5,2,guard_0.5,8,1.0,0.875,0.875,1.0,0.0,0.125,0.9775650353186736,0.10290902859185383,3.0,0.0
0.2,0.75,128,0.5,3,guard_0.5,8,1.0,0.875,0.875,0.875,0.0,0.0,0.8100875578333265,-0.05891191543409398,3.0,0.0
0.2,0.75,128,1.0,0,guard_1.0,8,1.0,1.0,1.0,1.0,0.0,0.0,0.8641970525299418,0.12885212081902145,3.0,0.0
0.2,0.75,128,1.0,1,guard_1.0,8,1.0,0.75,0.75,0.75,0.0,0.0,1.237783688829228,-0.1304146200131876,3.0,0.0
0.2,0.75,128,1.0,2,guard_1.0,8,1.0,1.0,1.0,1.0,0.0,0.0,1.0574572784522047,0.1291778936118787,3.0,0.0
0.2,0.75,128,1.0,3,guard_1.0,8,1.0,0.875,0.875,0.875,0.0,0.0,0.8841264864427428,-0.03349064958150969,3.0,0.0
0.2,1.0,8,0.0,0,estimated,8,1.0,0.5,0.5,0.875,0.0,0.5,0.6406426537774248,-0.023054045946680424,3.0,0.0
0.2,1.0,8,0.0,1,estimated,8,1.0,0.625,0.625,0.625,0.0,0.125,1.1108282963987948,-0.13191139984346317,3.0,0.0
0.2,1.0,8,0.0,2,estimated,8,1.0,0.375,0.375,0.875,0.0,0.5,0.6606672414882243,-0.03995004707473304,3.0,0.0
0.2,1.0,8,0.0,3,estimated,8,1.0,0.25,0.25,0.625,0.0,0.5,0.8942159704598133,-0.28519561435738333,3.0,0.0
0.2,1.0,8,0.5,0,guard_0.5,8,1.0,0.625,0.625,1.0,0.0,0.375,0.8869655274009991,0.05629722885188784,3.0,0.0
0.2,1.0,8,0.5,1,guard_0.5,8,1.0,0.5,0.5,0.625,0.0,0.125,1.1771195647465678,-0.20608053021401115,3.0,0.0
0.2,1.0,8,0.5,2,guard_0.5,8,1.0,0.875,0.875,0.875,0.0,0.0,0.8399255169974167,0.03537357346501224,3.0,0.0
0.2,1.0,8,0.5,3,guard_0.5,8,1.0,0.5,0.5,0.625,0.0,0.25,1.1369716972465105,-0.2119264297741576,3.0,0.0
0.2,1.0,8,1.0,0,guard_1.0,8,1.0,0.75,0.75,1.0,0.0,0.25,1.1661330917564463,0.14333753211425773,3.0,0.0
0.2,1.0,8,1.0,1,guard_1.0,8,1.0,0.5,0.5,0.625,0.0,0.125,1.463155611767101,-0.1781086954708025,3.0,0.0
0.2,1.0,8,1.0,2,guard_1.0,8,1.0,0.875,0.875,0.875,0.0,0.0,1.0351770154294346,0.11591362483313714,3.0,0.0
0.2,1.0,8,1.0,3,guard_1.0,8,1.0,0.625,0.625,0.75,0.0,0.125,1.4016586786594345,-0.14651458459122496,3.0,0.0
0.2,1.0,32,0.0,0,estimated,8,1.0,0.5,0.5,0.625,0.0,0.375,0.5699790286985787,-0.172654853744867,3.0,0.0
0.2,1.0,32,0.0,1,estimated,8,1.0,0.5,0.5,0.75,0.0,0.375,0.985704064826196,-0.24357512597617348,3.0,0.0
0.2,1.0,32,0.0,2,estimated,8,1.0,0.25,0.25,0.75,0.0,0.5,0.8182676758663844,-0.22547701029617045,3.0,0.0
0.2,1.0,32,0.0,3,estimated,8,1.0,0.5,0.5,0.875,0.0,0.375,0.6522261288419026,-0.16919147703364973,3.0,0.0
0.2,1.0,32,0.5,0,guard_0.5,8,1.0,0.875,0.875,0.875,0.0,0.0,0.7143317212913181,-0.12458599309588561,3.0,0.0
0.2,1.0,32,0.5,1,guard_0.5,8,1.0,0.75,0.75,0.75,0.0,0.0,0.7944277284233956,-0.2814871160094644,3.0,0.0
0.2,1.0,32,0.5,2,guard_0.5,8,1.0,0.5,0.5,0.75,0.0,0.25,1.00401732587142,-0.18805893670467677,3.0,0.0
0.2,1.0,32,0.5,3,guard_0.5,8,1.0,0.75,0.75,0.875,0.0,0.125,0.7740258247573625,-0.12371986963384977,3.0,0.0
0.2,1.0,32,1.0,0,guard_1.0,8,1.0,0.875,0.875,0.875,0.0,0.0,0.8656489610967795,-0.07882262992818788,3.0,0.0
0.2,1.0,32,1.0,1,guard_1.0,8,1.0,0.75,0.75,0.75,0.0,0.0,0.9267436132859475,-0.24397233011780267,3.0,0.0
0.2,1.0,32,1.0,2,guard_1.0,8,1.0,0.625,0.625,0.625,0.0,0.0,0.8313750241796732,-0.31034356902068266,3.0,0.0
0.2,1.0,32,1.0,3,guard_1.0,8,1.0,0.75,0.75,0.875,0.0,0.125,0.8967248005511061,-0.07697315031635936,3.0,0.0
0.2,1.0,128,0.0,0,estimated,8,1.0,0.375,0.375,0.875,0.0,0.5,0.968004477300185,-0.21004193342788685,3.0,0.0
0.2,1.0,128,0.0,1,estimated,8,1.0,0.25,0.25,0.75,0.0,0.5,0.5991615229992423,-0.2346583898810496,3.0,0.0
0.2,1.0,128,0.0,2,estimated,8,1.0,0.375,0.375,0.875,0.0,0.5,0.6645851216986541,-0.06935049123277905,3.0,0.0
0.2,1.0,128,0.0,3,estimated,8,1.0,0.375,0.375,1.0,0.0,0.625,0.9303782995313625,0.08309388838676518,3.0,0.0
0.2,1.0,128,0.5,0,guard_0.5,8,1.0,0.875,0.875,0.875,0.0,0.0,1.0646498026221487,-0.17991750640032256,3.0,0.0
0.2,1.0,128,0.5,1,guard_0.5,8,1.0,0.625,0.625,0.75,0.0,0.125,0.638350634828554,-0.2161248638746599,3.0,0.0
0.2,1.0,128,0.5,2,guard_0.5,8,1.0,0.875,0.875,0.875,0.0,0.0,0.7502042522390856,-0.042249068486109195,3.0,0.0
0.2,1.0,128,0.5,3,guard_0.5,8,1.0,0.75,0.75,1.0,0.0,0.25,1.002887296403976,0.10984132876086079,3.0,0.0
0.2,1.0,128,1.0,0,guard_1.0,8,1.0,0.875,0.875,0.875,0.0,0.0,1.1637848205423125,-0.15116129074401652,3.0,0.0
0.2,1.0,128,1.0,1,guard_1.0,8,1.0,0.75,0.75,0.75,0.0,0.0,0.6817172315203028,-0.19514381295323313,3.0,0.0
0.2,1.0,128,1.0,2,guard_1.0,8,1.0,0.875,0.875,0.875,0.0,0.0,0.8391518323063722,-0.014036468841579792,3.0,0.0
0.2,1.0,128,1.0,3,guard_1.0,8,1.0,1.0,1.0,1.0,0.0,0.0,1.0810718382154545,0.139020963104997,3.0,0.0
0.2,1.25,8,0.0,0,estimated,8,1.0,0.25,0.25,0.625,0.0,0.5,0.6299085878085116,-0.36946629372318696,3.0,0.0
0.2,1.25,8,0.0,1,estimated,8,1.0,0.125,0.125,0.375,0.0,0.5,0.5850979950438402,-0.43208362935504085,3.0,0.0
0.2,1.25,8,0.0,2,estimated,8,1.0,0.125,0.125,0.75,0.0,0.75,0.6033887725634981,-0.21729650313767357,3.0,0.0
0.2,1.25,8,0.0,3,estimated,8,1.0,0.5,0.5,0.625,0.0,0.375,0.9005892687792497,-0.04331360152249682,3.0,0.0
0.2,1.25,8,0.5,0,guard_0.5,8,1.0,0.625,0.625,0.625,0.0,0.125,0.8176929309739057,-0.294912643949003,3.0,0.0
0.2,1.25,8,0.5,1,guard_0.5,8,1.0,0.375,0.375,0.5,0.0,0.25,0.9268930942705282,-0.36659665288644994,3.0,0.0
0.2,1.25,8,0.5,2,guard_0.5,8,1.0,0.625,0.625,0.875,0.0,0.25,0.8065674361023888,-0.1433950527501186,3.0,0.0
0.2,1.25,8,0.5,3,guard_0.5,8,1.0,0.625,0.625,0.625,0.0,0.125,1.1026372893886627,-0.0346517255439549,3.0,0.0
0.2,1.25,8,1.0,0,guard_1.0,8,1.0,0.625,0.625,0.75,0.0,0.125,1.0674506073187544,-0.24736157619023164,3.0,0.0
0.2,1.25,8,1.0,1,guard_1.0,8,1.0,0.375,0.375,0.625,0.0,0.25,1.2708707675392144,-0.30865823138321874,3.0,0.0
0.2,1.25,8,1.0,2,guard_1.0,8,1.0,0.75,0.75,0.875,0.0,0.125,1.0110991377403313,-0.06877744389999618,3.0,0.0
0.2,1.25,8,1.0,3,guard_1.0,8,1.0,0.625,0.625,0.625,0.0,0.0,1.0172747203007326,-0.0186287880643307,3.0,0.0
0.2,1.25,32,0.0,0,estimated,8,1.0,0.0,0.0,0.25,0.0,1.0,0.5075317438189585,-0.15847301212495069,3.0,0.0
0.2,1.25,32,0.0,1,estimated,8,1.0,0.125,0.125,0.375,0.0,0.625,0.8213286534365944,-0.23945311038264167,3.0,0.0
0.2,1.25,32,0.0,2,estimated,8,1.0,0.0,0.0,0.625,0.0,0.875,0.6591814461566943,-0.12989262978077432,3.0,0.0
0.2,1.25,32,0.0,3,estimated,8,1.0,0.25,0.25,0.875,0.0,0.75,0.7106549040851136,-0.03929576431333388,3.0,0.0
0.2,1.25,32,0.5,0,guard_0.5,8,1.0,0.0,0.0,0.5,0.0,1.0,0.6091121641736865,-0.08676055139896088,3.0,0.0
0.2,1.25,32,0.5,1,guard_0.5,8,1.0,0.375,0.375,0.75,0.0,0.375,1.0017589129771485,-0.17759783078602756,3.0,0.0
0.2,1.25,32,0.5,2,guard_0.5,8,1.0,0.25,0.25,0.625,0.0,0.625,0.8033787163122182,-0.06385473397034931,3.0,0.0
0.2,1.25,32,0.5,3,guard_0.5,8,1.0,0.5,0.5,0.875,0.0,0.5,0.8479202731384592,0.038595337886249644,3.0,0.0
0.2,1.25,32,1.0,0,guard_1.0,8,1.0,0.5,0.5,0.875,0.0,0.5,0.7159336747902185,-0.022274858835122632,3.0,0.0
0.2,1.25,32,1.0,1,guard_1.0,8,1.0,0.375,0.375,0.625,0.0,0.25,0.8273567109029955,-0.19012489356922102,3.0,0.0
0.2,1.25,32,1.0,2,guard_1.0,8,1.0,0.625,0.625,0.75,0.0,0.25,0.9517933347241696,-0.010220957140855646,3.0,0.0
0.2,1.25,32,1.0,3,guard_1.0,8,1.0,0.75,0.75,1.0,0.0,0.25,0.9920337895863859,0.11842309637824404,3.0,0.0
0.2,1.25,128,0.0,0,estimated,8,1.0,0.125,0.125,0.75,0.0,0.875,0.5374817975370578,-0.12722243307264713,3.0,0.0
0.2,1.25,128,0.0,1,estimated,8,1.0,0.0,0.0,0.5,0.0,0.875,0.7389276248563379,-0.5583824500362846,3.0,0.0
0.2,1.25,128,0.0,2,estimated,8,1.0,0.125,0.125,0.625,0.0,0.75,0.7372801930804121,-0.18341113053870006,3.0,0.0
0.2,1.25,128,0.0,3,estimated,8,1.0,0.0,0.0,0.625,0.0,1.0,0.42735348311225035,-0.08200344298720562,3.0,0.0
0.2,1.25,128,0.5,0,guard_0.5,8,1.0,0.125,0.125,0.75,0.0,0.875,0.5743338330817787,-0.08835270761988262,3.0,0.0
0.2,1.25,128,0.5,1,guard_0.5,8,1.0,0.0,0.0,0.625,0.0,0.875,0.8025235891159497,-0.564099335302561,3.0,0.0
0.2,1.25,128,0.5,2,guard_0.5,8,1.0,0.125,0.125,0.625,0.0,0.75,0.8000628571843764,-0.1619194487282164,3.0,0.0
0.2,1.25,128,0.5,3,guard_0.5,8,1.0,0.0,0.0,0.625,0.0,1.0,0.46879082130432415,-0.05356934584062242,3.0,0.0
0.2,1.25,128,1.0,0,guard_1.0,8,1.0,0.25,0.25,0.75,0.0,0.75,0.6143936694304496,-0.051618762730062676,3.0,0.0
0.2,1.25,128,1.0,1,guard_1.0,8,1.0,0.0,0.0,0.625,0.0,0.875,0.8704863287860648,-0.5629569546028125,3.0,0.0
0.2,1.25,128,1.0,2,guard_1.0,8,1.0,0.125,0.125,0.75,0.0,0.75,0.864172646839516,-0.1404698069531951,3.0,0.0
0.2,1.25,128,1.0,3,guard_1.0,8,1.0,0.0,0.0,0.625,0.0,1.0,0.5118474795192829,-0.027595432052570906,3.0,0.0
0.35,0.75,8,0.0,0,estimated,8,1.0,0.375,0.375,0.375,0.0,0.0,1.2517310495672969,-0.410022879860653,3.0,0.0
0.35,0.75,8,0.0,1,estimated,8,1.0,0.625,0.625,0.75,0.0,0.125,1.137314812070718,-0.05787897167514564,3.0,0.0
0.35,0.75,8,0.0,2,estimated,8,1.0,0.125,0.125,0.25,0.0,0.25,1.0593490547943254,-0.6360265456664654,3.0,0.0
0.35,0.75,8,0.0,3,estimated,8,1.0,0.25,0.25,0.5,0.0,0.375,1.7237422156832374,-0.11642759719787443,3.0,0.0
0.35,0.75,8,0.5,0,guard_0.5,8,1.0,0.25,0.25,0.25,0.0,0.0,1.18304537702999,-0.5185371670907553,3.0,0.0
0.35,0.75,8,0.5,1,guard_0.5,8,1.0,0.5,0.5,0.5,0.0,0.0,1.28937773776124,-0.02934612794469571,3.0,0.0
0.35,0.75,8,0.5,2,guard_0.5,8,1.0,0.125,0.125,0.25,0.0,0.25,1.7606526080244436,-0.6495584480095012,3.0,0.0
0.35,0.75,8,0.5,3,guard_0.5,8,1.0,0.125,0.125,0.5,0.0,0.375,2.2204909140792264,-0.1982638937757571,3.0,0.0
0.35,0.75,8,1.0,0,guard_1.0,8,1.0,0.25,0.25,0.25,0.0,0.0,1.7501025040944262,-0.4542499524768853,3.0,0.0
0.35,0.75,8,1.0,1,guard_1.0,8,1.0,0.375,0.375,0.375,0.0,0.0,1.2167244274736504,-0.22090470483569713,3.0,0.0
0.35,0.75,8,1.0,2,guard_1.0,8,1.0,0.125,0.125,0.125,0.0,0.125,1.9519056906971053,-0.6975728977801414,3.0,0.0
0.35,0.75,8,1.0,3,guard_1.0,8,1.0,0.25,0.25,0.25,0.0,0.0,2.434626425150657,-0.5320161131372573,3.0,0.0
0.35,0.75,32,0.0,0,estimated,8,1.0,0.625,0.625,0.75,0.0,0.125,1.2956316312508709,-0.07720778205859163,3.0,0.0
0.35,0.75,32,0.0,1,estimated,8,1.0,0.375,0.375,0.625,0.0,0.25,1.174421972018309,-0.25824806368436826,3.0,0.0
0.35,0.75,32,0.0,2,estimated,8,1.0,0.5,0.5,0.75,0.0,0.25,0.8580516596146858,-0.010256956443955287,3.0,0.0
0.35,0.75,32,0.0,3,estimated,8,1.0,0.875,0.875,0.875,0.0,0.0,1.1685111009772107,0.022134570848656554,3.0,0.0
0.35,0.75,32,0.5,0,guard_0.5,8,1.0,0.625,0.625,0.625,0.0,0.0,1.502200838757913,-0.05799453928372235,3.0,0.0
0.35,0.75,32,0.5,1,guard_0.5,8,1.0,0.375,0.375,0.5,0.0,0.125,1.2572285281203066,-0.28268900647495493,3.0,0.0
0.35,0.75,32,0.5,2,guard_0.5,8,1.0,0.625,0.625,0.75,0.0,0.125,1.1912846077799357,0.08244342637374691,3.0,0.0
0.35,0.75,32,0.5,3,guard_0.5,8,1.0,0.875,0.875,0.875,0.0,0.0,1.5892096734835193,0.14289375655080244,3.0,0.0
0.35,0.75,32,1.0,0,guard_1.0,8,1.0,0.5,0.5,0.5,0.0,0.0,1.5201420711722406,-0.19708422513140542,3.0,0.0
0.35,0.75,32,1.0,1,guard_1.0,8,1.0,0.375,0.375,0.5,0.0,0.125,1.5566831144131505,-0.2663230677931638,3.0,0.0
0.35,0.75,32,1.0,2,guard_1.0,8,1.0,0.625,0.625,0.75,0.0,0.125,1.5345972338845064,0.17473968419123825,3.0,0.0
0.35,0.75,32,1.0,3,guard_1.0,8,1.0,0.75,0.75,0.75,0.0,0.0,1.77701952158891,0.04612067638679197,3.0,0.0
0.35,0.75,128,0.0,0,estimated,8,1.0,0.875,0.875,0.875,0.0,0.0,0.937744281940115,0.03687201688419846,3.0,0.0
0.35,0.75,128,0.0,1,estimated,8,1.0,0.625,0.625,1.0,0.0,0.375,0.932687063031202,0.036881186844687504,3.0,0.0
0.35,0.75,128,0.0,2,estimated,8,1.0,0.75,0.75,0.875,0.0,0.125,0.9837734441586082,-0.02734783207011493,3.0,0.0
0.35,0.75,128,0.0,3,estimated,8,1.0,0.875,0.875,1.0,0.0,0.125,1.0150754454483804,0.109506274458567,3.0,0.0
0.35,0.75,128,0.5,0,guard_0.5,8,1.0,0.875,0.875,0.875,0.0,0.0,1.1374844250644143,0.08051548350315138,3.0,0.0
0.35,0.75,128,0.5,1,guard_0.5,8,1.0,0.875,0.875,1.0,0.0,0.125,1.0359951411437935,0.07792647358712768,3.0,0.0
0.35,0.75,128,0.5,2,guard_0.5,8,1.0,0.75,0.75,0.875,0.0,0.125,1.2002670503302586,0.01722888456505093,3.0,0.0
0.35,0.75,128,0.5,3,guard_0.5,8,1.0,1.0,1.0,1.0,0.0,0.0,1.152960264305854,0.1467156163759108,3.0,0.0
0.35,0.75,128,1.0,0,guard_1.0,8,1.0,0.875,0.875,0.875,0.0,0.0,1.3450692365455452,0.1349512636209343,3.0,0.0
0.35,0.75,128,1.0,1,guard_1.0,8,1.0,0.875,0.875,1.0,0.0,0.125,1.1464449292223815,0.12491533975521216,3.0,0.0
0.35,0.75,128,1.0,2,guard_1.0,8,1.0,0.625,0.625,0.75,0.0,0.125,1.1552071166771734,-0.03338234445437683,3.0,0.0
0.35,0.75,128,1.0,3,guard_1.0,8,1.0,1.0,1.0,1.0,0.0,0.0,1.3139235729182692,0.19554941160855938,3.0,0.0
0.35,1.0,8,0.0,0,estimated,8,1.0,0.25,0.25,0.5,0.0,0.25,0.9555896099301406,-0.3666020365190023,3.0,0.0
0.35,1.0,8,0.0,1,estimated,8,1.0,0.5,0.5,0.625,0.0,0.25,0.905275186956616,0.0020585705800715004,3.0,0.0
0.35,1.0,8,0.0,2,estimated,8,1.0,0.5,0.5,0.75,0.0,0.25,1.1667349270495488,-0.14614404618451032,3.0,0.0
0.35,1.0,8,0.0,3,estimated,8,1.0,0.5,0.5,0.625,0.0,0.125,0.7842152651364783,-0.2848248406501881,3.0,0.0
0.35,1.0,8,0.5,0,guard_0.5,8,1.0,0.375,0.375,0.5,0.0,0.125,1.5504796571836104,-0.2950133372636705,3.0,0.0
0.35,1.0,8,0.5,1,guard_0.5,8,1.0,0.625,0.625,0.75,0.0,0.125,1.633578702990093,0.19300092021959006,3.0,0.0
0.35,1.0,8,0.5,2,guard_0.5,8,1.0,0.625,0.625,0.625,0.0,0.0,1.6875415696875613,-0.09249142932769833,3.0,0.0
0.35,1.0,8,0.5,3,guard_0.5,8,1.0,0.375,0.375,0.625,0.0,0.25,1.3070620119222345,-0.1716909369682873,3.0,0.0
0.35,1.0,8,1.0,0,guard_1.0,8,1.0,0.375,0.375,0.375,0.0,0.0,1.6801902872857062,-0.26083930334091265,3.0,0.0
0.35,1.0,8,1.0,1,guard_1.0,8,1.0,0.375,0.375,0.5,0.0,0.125,1.886193436376379,0.09089469960177839,3.0,0.0
0.35,1.0,8,1.0,2,guard_1.0,8,1.0,0.375,0.375,0.375,0.0,0.0,1.3903737823514062,-0.47188727483063014,3.0,0.0
0.35,1.0,8,1.0,3,guard_1.0,8,1.0,0.625,0.625,0.625,0.0,0.0,1.8860300598125241,-0.04652921969312379,3.0,0.0
0.35,1.0,32,0.0,0,estimated,8,1.0,0.375,0.375,0.75,0.0,0.375,0.7774367083427395,-0.04662165180085007,3.0,0.0
0.35,1.0,32,0.0,1,estimated,8,1.0,0.625,0.625,0.875,0.0,0.375,0.7665493571182957,0.042108068454619126,3.0,0.0
0.35,1.0,32,0.0,2,estimated,8,1.0,0.25,0.25,0.625,0.0,0.375,0.8824719901259119,-0.4042941496223909,3.0,0.0
0.35,1.0,32,0.0,3,estimated,8,1.0,0.125,0.125,0.625,0.0,0.5,1.2500741908453648,-0.5106794432732986,3.0,0.0
0.35,1.0,32,0.5,0,guard_0.5,8,1.0,0.625,0.625,0.75,0.0,0.125,0.9789982077566167,0.005551915228293701,3.0,0.0
0.35,1.0,32,0.5,1,guard_0.5,8,1.0,0.75,0.75,1.0,0.0,0.25,0.9630152659020889,0.12181974640415183,3.0,0.0
0.35,1.0,32,0.5,2,guard_0.5,8,1.0,0.5,0.5,0.625,0.0,0.125,1.193686238305721,-0.35634338830910706,3.0,0.0
0.35,1.0,32,0.5,3,guard_0.5,8,1.0,0.375,0.375,0.5,0.0,0.125,1.2505854846271045,-0.2979849580139713,3.0,0.0
0.35,1.0,32,1.0,0,guard_1.0,8,1.0,0.625,0.625,0.75,0.0,0.125,1.1879168253555117,0.05504906088450485,3.0,0.0
0.35,1.0,32,1.0,1,guard_1.0,8,1.0,1.0,1.0,1.0,0.0,0.0,1.1835449766565929,0.18866038803281404,3.0,0.0
0.35,1.0,32,1.0,2,guard_1.0,8,1.0,0.5,0.5,0.625,0.0,0.125,1.5161542562324883,-0.30459178814693283,3.0,0.0
0.35,1.0,32,1.0,3,guard_1.0,8,1.0,0.375,0.375,0.5,0.0,0.125,1.6172722010040608,-0.2726883749010752,3.0,0.0
0.35,1.0,128,0.0,0,estimated,8,1.0,0.5,0.5,0.75,0.0,0.25,0.6574038826334746,-0.2859078469141011,3.0,0.0
0.35,1.0,128,0.0,1,estimated,8,1.0,0.625,0.625,0.75,0.0,0.375,0.8802802471908988,0.00021916330103291352,3.0,0.0
0.35,1.0,128,0.0,2,estimated,8,1.0,0.25,0.25,1.0,0.0,0.75,0.6726325718880661,0.011712898582807413,3.0,0.0
0.35,1.0,128,0.0,3,estimated,8,1.0,0.125,0.125,0.75,0.0,0.875,0.6587941333858998,-0.03189723080185247,3.0,0.0
0.35,1.0,128,0.5,0,guard_0.5,8,1.0,0.625,0.625,0.75,0.0,0.125,0.7896753913772131,-0.251816702506877,3.0,0.0
0.35,1.0,128,0.5,1,guard_0.5,8,1.0,0.875,0.875,1.0,0.0,0.125,0.9766230951145224,0.03344224101797738,3.0,0.0
0.35,1.0,128,0.5,2,guard_0.5,8,1.0,1.0,1.0,1.0,0.0,0.0,0.7791944257019603,0.060986429702756834,3.0,0.0
0.35,1.0,128,0.5,3,guard_0.5,8,1.0,0.625,0.625,0.75,0.0,0.375,0.7627287294335849,-0.0005140356309445999,3.0,0.0
0.35,1.0,128,1.0,0,guard_1.0,8,1.0,0.75,0.75,0.75,0.0,0.0,0.9265291401724051,-0.21947896086269253,3.0,0.0
0.35,1.0,128,1.0,1,guard_1.0,8,1.0,0.875,0.875,1.0,0.0,0.125,1.076547175266525,0.0700116687272596,3.0,0.0
0.35,1.0,128,1.0,2,guard_1.0,8,1.0,1.0,1.0,1.0,0.0,0.0,0.895992096206118,0.11232743669656092,3.0,0.0
0.35,1.0,128,1.0,3,guard_1.0,8,1.0,0.625,0.625,0.875,0.0,0.375,0.8774028458521405,0.04261536321258724,3.0,0.0
0.35,1.25,8,0.0,0,estimated,8,1.0,0.5,0.5,0.875,0.0,0.375,0.6983747223580927,-0.12962404716294557,3.0,0.0
0.35,1.25,8,0.0,1,estimated,8,1.0,0.125,0.125,0.625,0.0,0.5,1.1723857155822703,-0.49755962038915424,3.0,0.0
0.35,1.25,8,0.0,2,estimated,8,1.0,0.0,0.0,0.5,0.0,0.5,1.026085615265996,-0.3921442220805918,3.0,0.0
0.35,1.25,8,0.0,3,estimated,8,1.0,0.125,0.125,0.375,0.0,0.5,0.6596786046786252,-0.27319743308346256,3.0,0.0
0.35,1.25,8,0.5,0,guard_0.5,8,1.0,0.625,0.625,0.875,0.0,0.25,1.0671240479104636,-0.04392918767351305,3.0,0.0
0.35,1.25,8,0.5,1,guard_0.5,8,1.0,0.0,0.0,0.25,0.0,0.375,1.3230735726855907,-0.569107289558198,3.0,0.0
0.35,1.25,8,0.5,2,guard_0.5,8,1.0,0.125,0.125,0.375,0.0,0.25,1.2193846641924715,-0.46600486747324577,3.0,0.0
0.35,1.25,8,0.5,3,guard_0.5,8,1.0,0.375,0.375,0.5,0.0,0.25,1.1528314526943124,-0.15323310217547617,3.0,0.0
0.35,1.25,8,1.0,0,guard_1.0,8,1.0,0.875,0.875,0.875,0.0,0.0,1.4611743308980152,0.05018994694919782,3.0,0.0
0.35,1.25,8,1.0,1,guard_1.0,8,1.0,0.125,0.125,0.375,0.0,0.25,1.805703233089624,-0.5564039773023788,3.0,0.0
0.35,1.25,8,1.0,2,guard_1.0,8,1.0,0.25,0.25,0.25,0.0,0.0,1.0625778245853104,-0.4630813569667034,3.0,0.0
0.35,1.25,8,1.0,3,guard_1.0,8,1.0,0.5,0.5,0.5,0.0,0.125,1.6975954782879963,-0.05312987599295202,3.0,0.0
0.35,1.25,32,0.0,0,estimated,8,1.0,0.125,0.125,0.625,0.0,0.75,0.5142883561104697,-0.18228409372744633,3.0,0.0
0.35,1.25,32,0.0,1,estimated,8,1.0,0.25,0.25,0.625,0.0,0.625,0.6804878620344148,-0.1409095440558736,3.0,0.0
0.35,1.25,32,0.0,2,estimated,8,1.0,0.25,0.25,0.75,0.0,0.75,0.6224064648970622,-0.03955549009922284,3.0,0.0
0.35,1.25,32,0.0,3,estimated,8,1.0,0.25,0.25,0.5,0.0,0.5,0.6292637991399814,-0.20022243296775427,3.0,0.0
0.35,1.25,32,0.5,0,guard_0.5,8,1.0,0.75,0.75,0.75,0.0,0.125,0.7090354202435408,-0.07597988318309792,3.0,0.0
0.35,1.25,32,0.5,1,guard_0.5,8,1.0,0.5,0.5,0.75,0.0,0.375,1.011204899019699,-0.047957084625937535,3.0,0.0
0.35,1.25,32,0.5,2,guard_0.5,8,1.0,0.875,0.875,0.875,0.0,0.125,0.8185641464945479,0.03957007417109944,3.0,0.0
0.35,1.25,32,0.5,3,guard_0.5,8,1.0,0.5,0.5,0.625,0.0,0.25,0.8566011282904328,-0.13177998419505174,3.0,0.0
0.35,1.25,32,1.0,0,guard_1.0,8,1.0,0.75,0.75,0.875,0.0,0.125,0.9160544431408894,-0.004378400206491578,3.0,0.0
0.35,1.25,32,1.0,1,guard_1.0,8,1.0,0.625,0.625,0.75,0.0,0.25,1.3557287350675722,0.03191488533130005,3.0,0.0
0.35,1.25,32,1.0,2,guard_1.0,8,1.0,0.875,0.875,0.875,0.0,0.125,1.0265268661280735,0.11707488038792752,3.0,0.0
0.35,1.25,32,1.0,3,guard_1.0,8,1.0,0.75,0.75,0.75,0.0,0.0,1.087943084953432,-0.07063716441061454,3.0,0.0
0.35,1.25,128,0.0,0,estimated,8,1.0,0.125,0.125,0.5,0.0,0.875,0.6066804205394876,-0.12027035970037538,3.0,0.0
0.35,1.25,128,0.0,1,estimated,8,1.0,0.0,0.0,0.625,0.0,1.0,0.5185498869667262,-0.10506441324556555,3.0,0.0
0.35,1.25,128,0.0,2,estimated,8,1.0,0.125,0.125,0.25,0.0,0.75,0.5478984093590438,-0.34986589808670593,3.0,0.0
0.35,1.25,128,0.0,3,estimated,8,1.0,0.25,0.25,0.5,0.0,0.625,0.5444338941842892,-0.1058895312587371,3.0,0.0
0.35,1.25,128,0.5,0,guard_0.5,8,1.0,0.25,0.25,0.625,0.0,0.75,0.6848034017897984,-0.055662373559838794,3.0,0.0
0.35,1.25,128,0.5,1,guard_0.5,8,1.0,0.25,0.25,0.875,0.0,0.75,0.6265670540227414,-0.030725527108389324,3.0,0.0
0.35,1.25,128,0.5,2,guard_0.5,8,1.0,0.125,0.125,0.5,0.0,0.75,0.6480695371295327,-0.3096527515734068,3.0,0.0
0.35,1.25,128,0.5,3,guard_0.5,8,1.0,0.375,0.375,0.875,0.0,0.5,0.6743687529628168,-0.05414695710563442,3.0,0.0
0.35,1.25,128,1.0,0,guard_1.0,8,1.0,0.375,0.375,0.75,0.0,0.625,0.7772940510603261,-0.0013726948944224257,3.0,0.0
0.35,1.25,128,1.0,1,guard_1.0,8,1.0,0.5,0.5,1.0,0.0,0.5,0.7380852909525817,0.019746119325221526,3.0,0.0
0.35,1.25,128,1.0,2,guard_1.0,8,1.0,0.375,0.375,0.5,0.0,0.5,0.7587267388084553,-0.2660587269847482,3.0,0.0
0.35,1.25,128,1.0,3,guard_1.0,8,1.0,0.625,0.625,0.875,0.0,0.25,0.8097898589295304,-0.002219686648203427,3.0,0.0
