d,contexts,null_prob,seed,method,trials,reachable_rate,overall_success,future_success,current_success,detects_unreachable,false_certificate,mean_norm,mean_min_margin,mean_rank,mean_null_dim
2,3,0.0,0,UBC,10,0.9,0.9,1.0,1.0,1.0,0.0,0.46621229230595457,3.0839528461809902e-18,2.0,0.0
2,3,0.0,0,current_only,10,0.9,0.1,0.1111111111111111,1.0,0.0,0.8888888888888888,0.29325790391222917,-0.4037725750583012,2.0,0.0
2,3,0.0,0,gradient_line,10,0.9,0.7,0.7777777777777778,0.8888888888888888,1.0,0.0,1.3533333333333333,-0.09993602485605341,2.0,0.0
2,3,0.0,0,least_squares,10,0.9,0.0,0.0,0.6666666666666666,0.0,1.0,0.4386285985117199,-0.030343071476157606,2.0,0.0
2,3,0.0,0,one_axis_current,10,0.9,0.0,0.0,1.0,0.0,1.0,0.3187771302328304,-0.3446750451396444,2.0,0.0
2,3,0.0,0,oracle_anchor,10,0.9,0.9,1.0,1.0,1.0,0.0,0.7014773497099149,0.08989526386396078,2.0,0.0
2,3,0.0,0,random_search,10,0.9,0.9,1.0,1.0,1.0,0.0,0.7209084726296634,0.13268280036141886,2.0,0.0
2,3,0.0,0,soft_penalty,10,0.9,0.0,0.0,0.3333333333333333,0.0,1.0,0.4287451966041463,-0.026164283835036883,2.0,0.0
2,3,0.0,1,UBC,10,0.9,0.9,1.0,1.0,1.0,0.0,0.5161021411521278,-2.7755575615628914e-17,2.0,0.0
2,3,0.0,1,current_only,10,0.9,0.2,0.2222222222222222,1.0,0.0,0.7777777777777778,0.422848199483059,-0.17256400122210255,2.0,0.0
2,3,0.0,1,gradient_line,10,0.9,0.9,1.0,1.0,1.0,0.0,0.6866666666666668,0.010145336957141895,2.0,0.0
2,3,0.0,1,least_squares,10,0.9,0.0,0.0,0.3333333333333333,0.0,1.0,0.5363689816016419,-0.046466787672998985,2.0,0.0
2,3,0.0,1,one_axis_current,10,0.9,0.2,0.2222222222222222,1.0,0.0,0.7777777777777778,0.47705869886301955,-0.2546849559885731,2.0,0.0
2,3,0.0,1,oracle_anchor,10,0.9,0.9,1.0,1.0,1.0,0.0,0.7695402356829492,0.14533092172149079,2.0,0.0
2,3,0.0,1,random_search,10,0.9,0.9,1.0,1.0,1.0,0.0,0.6498084086707085,0.0847913099440845,2.0,0.0
2,3,0.0,1,soft_penalty,10,0.9,0.0,0.0,0.3333333333333333,0.0,1.0,0.4969413085884946,-0.02177247424947191,2.0,0.0
2,3,0.0,2,UBC,10,0.9,0.9,1.0,1.0,1.0,0.0,0.5259443268170093,-9.25185853854297e-18,2.0,0.0
2,3,0.0,2,current_only,10,0.9,0.2,0.2222222222222222,1.0,0.0,0.7777777777777778,0.3537772859575343,-0.5016741708891619,2.0,0.0
2,3,0.0,2,gradient_line,10,0.9,0.4,0.4444444444444444,0.6666666666666666,1.0,0.0,1.9099999999999997,-0.6108537889620396,2.0,0.0
2,3,0.0,2,least_squares,10,0.9,0.0,0.0,0.1111111111111111,0.0,1.0,0.5122378624721673,-0.029936018689486928,2.0,0.0
2,3,0.0,2,one_axis_current,10,0.9,0.3,0.3333333333333333,1.0,0.0,0.6666666666666666,0.43079927217226843,-0.37116626319271817,2.0,0.0
2,3,0.0,2,oracle_anchor,10,0.9,0.9,1.0,1.0,1.0,0.0,0.713837847356462,0.11036529376056904,2.0,0.0
2,3,0.0,2,random_search,10,0.9,0.9,1.0,1.0,1.0,0.0,0.9259393435214268,0.13031718312787383,2.0,0.0
2,3,0.0,2,soft_penalty,10,0.9,0.0,0.0,0.0,0.0,1.0,0.49623256719459263,-0.025792065692026668,2.0,0.0
2,3,0.0,3,UBC,10,0.8,0.8,1.0,1.0,1.0,0.0,0.4870183466062564,-4.683753385137379e-17,2.0,0.0
2,3,0.0,3,current_only,10,0.8,0.0,0.0,1.0,0.0,1.0,0.3425311992139375,-0.38876608591009654,2.0,0.0
2,3,0.0,3,gradient_line,10,0.8,0.7,0.875,0.875,1.0,0.0,0.97125,-0.09389472191707823,2.0,0.0
2,3,0.0,3,least_squares,10,0.8,0.0,0.0,0.625,0.0,1.0,0.48474058701718054,-0.02345176204300161,2.0,0.0
2,3,0.0,3,one_axis_current,10,0.8,0.1,0.125,1.0,0.0,0.875,0.3856711359288331,-0.26915815832765383,2.0,0.0
2,3,0.0,3,oracle_anchor,10,0.8,0.8,1.0,1.0,1.0,0.0,0.7174811846498141,0.089922329772825,2.0,0.0
2,3,0.0,3,random_search,10,0.8,0.8,1.0,1.0,1.0,0.0,0.684275752000651,0.09990698434385654,2.0,0.0
2,3,0.0,3,soft_penalty,10,0.8,0.0,0.0,0.25,0.0,1.0,0.4544459717874215,-0.027951707250231213,2.0,0.0
2,3,0.0,4,UBC,10,0.8,0.8,1.0,1.0,1.0,0.0,0.5588608465287805,-1.0408340855860843e-17,2.0,0.0
2,3,0.0,4,current_only,10,0.8,0.0,0.0,1.0,0.0,1.0,0.3447730621568579,-0.3157311144127135,2.0,0.0
2,3,0.0,4,gradient_line,10,0.8,0.5,0.625,0.875,1.0,0.0,1.875,-0.3114078288324026,2.0,0.0
2,3,0.0,4,least_squares,10,0.8,0.0,0.0,0.375,0.0,1.0,0.5289025693375239,-0.030814105138129943,2.0,0.0
2,3,0.0,4,one_axis_current,10,0.8,0.0,0.0,1.0,0.0,1.0,0.37790864780403977,-0.341828128123178,2.0,0.0
2,3,0.0,4,oracle_anchor,10,0.8,0.8,1.0,1.0,1.0,0.0,0.7849376399405998,0.06619168114854115,2.0,0.0
2,3,0.0,4,random_search,10,0.8,0.8,1.0,1.0,1.0,0.0,0.8531814993271506,0.0819835980909811,2.0,0.0
2,3,0.0,4,soft_penalty,10,0.8,0.0,0.0,0.375,0.0,1.0,0.48450010349371453,-0.039453984190704276,2.0,0.0
2,3,0.0,5,UBC,10,0.6,0.6,1.0,1.0,1.0,0.0,0.4453114673008551,-4.625929269271485e-18,2.0,0.0
2,3,0.0,5,current_only,10,0.6,0.0,0.0,1.0,0.0,1.0,0.2532428411827122,-0.3602253111566425,2.0,0.0
2,3,0.0,5,gradient_line,10,0.6,0.6,1.0,1.0,1.0,0.0,0.69,0.009031733747754659,2.0,0.0
2,3,0.0,5,least_squares,10,0.6,0.0,0.0,0.8333333333333334,0.0,1.0,0.4399895148087993,-0.0256133933188394,2.0,0.0
2,3,0.0,5,one_axis_current,10,0.6,0.0,0.0,1.0,0.0,1.0,0.28344455578546096,-0.4539914191681767,2.0,0.0
2,3,0.0,5,oracle_anchor,10,0.6,0.6,1.0,1.0,1.0,0.0,0.7197824390407916,0.08414668022397243,2.0,0.0
2,3,0.0,5,random_search,10,0.6,0.6,1.0,1.0,1.0,0.0,0.7035913142842145,0.09768349434859329,2.0,0.0
2,3,0.0,5,soft_penalty,10,0.6,0.0,0.0,0.5,0.0,1.0,0.4107037242461759,-0.02469948843520434,2.0,0.0
2,3,0.5,0,UBC,10,0.9,0.9,1.0,1.0,1.0,0.0,0.5947267717520722,-4.625929269271485e-18,2.0,0.0
2,3,0.5,0,current_only,10,0.9,0.1,0.1111111111111111,1.0,0.0,0.8888888888888888,0.47919060739875596,-0.15318229698201494,2.0,0.0
2,3,0.5,0,gradient_line,10,0.9,0.8,0.8888888888888888,0.8888888888888888,1.0,0.0,0.8766666666666667,-0.0695951957104567,2.0,0.0
2,3,0.5,0,least_squares,10,0.9,0.0,0.0,0.5555555555555556,0.0,1.0,0.8804064732644563,-0.03650881227011452,2.0,0.0
2,3,0.5,0,one_axis_current,10,0.9,0.3,0.3333333333333333,1.0,0.0,0.6666666666666666,0.5785344372901449,-0.1425016237590907,2.0,0.0
2,3,0.5,0,oracle_anchor,10,0.9,0.9,1.0,1.0,1.0,0.0,0.8213667621208047,0.06525632621794746,2.0,0.0
2,3,0.5,0,random_search,10,0.9,0.9,1.0,1.0,1.0,0.0,0.7579007344935044,0.04337595515431339,2.0,0.0
2,3,0.5,0,soft_penalty,10,0.9,0.0,0.0,0.2222222222222222,0.0,1.0,0.43353874705914663,-0.046848207563532814,2.0,0.0
2,3,0.5,1,UBC,10,0.9,0.9,1.0,1.0,1.0,0.0,0.628561899161164,-2.1587669923266933e-17,2.0,0.0
2,3,0.5,1,current_only,10,0.9,0.1,0.1111111111111111,1.0,0.0,0.8888888888888888,0.5238323508432923,-0.10442410309104083,2.0,0.0
2,3,0.5,1,gradient_line,10,0.9,0.9,1.0,1.0,1.0,0.0,0.7733333333333333,0.004423842254946575,2.0,0.0
2,3,0.5,1,least_squares,10,0.9,0.0,0.0,0.2222222222222222,0.0,1.0,1.0070909580173213,-0.04173101197973263,2.0,0.0
2,3,0.5,1,one_axis_current,10,0.9,0.3,0.3333333333333333,1.0,0.0,0.6666666666666666,0.618548769325311,-0.16014086536201344,2.0,0.0
2,3,0.5,1,oracle_anchor,10,0.9,0.9,1.0,1.0,1.0,0.0,0.8395803619207558,0.05445595876716648,2.0,0.0
2,3,0.5,1,random_search,10,0.9,0.9,1.0,1.0,1.0,0.0,0.7532870593523814,0.04054592047429747,2.0,0.0
2,3,0.5,1,soft_penalty,10,0.9,0.0,0.0,0.2222222222222222,0.0,1.0,0.4678539458474737,-0.04724556327257792,2.0,0.0
2,3,0.5,2,UBC,10,0.9,0.9,1.0,1.0,1.0,0.0,0.5242191410929546,0.0,2.0,0.0
2,3,0.5,2,current_only,10,0.9,0.1,0.1111111111111111,1.0,0.0,0.8888888888888888,0.41006137226075134,-0.2618814139257944,2.0,0.0
2,3,0.5,2,gradient_line,10,0.9,0.8,0.8888888888888888,1.0,1.0,0.0,0.9066666666666667,-0.28665655301833554,2.0,0.0
2,3,0.5,2,least_squares,10,0.9,0.0,0.0,0.3333333333333333,0.0,1.0,0.5219871273388184,-0.026262059076950808,2.0,0.0
2,3,0.5,2,one_axis_current,10,0.9,0.3,0.3333333333333333,1.0,0.0,0.6666666666666666,0.4727087997782326,-0.2159999747930303,2.0,0.0
2,3,0.5,2,oracle_anchor,10,0.9,0.9,1.0,1.0,1.0,0.0,0.7707682552495496,0.11399045448928875,2.0,0.0
2,3,0.5,2,random_search,10,0.9,0.9,1.0,1.0,1.0,0.0,0.7133360767204113,0.08575273803648704,2.0,0.0
2,3,0.5,2,soft_penalty,10,0.9,0.0,0.0,0.3333333333333333,0.0,1.0,0.44848283066194966,-0.029949096207937904,2.0,0.0
2,3,0.5,3,UBC,10,1.0,1.0,1.0,1.0,0.0,0.0,0.45939789329405983,-2.7755575615628914e-17,2.0,0.0
2,3,0.5,3,current_only,10,1.0,0.1,0.1,1.0,0.0,0.9,0.26842098710282214,-0.31605294580746973,2.0,0.0
2,3,0.5,3,gradient_line,10,1.0,0.6,0.6,0.8,0.0,0.0,1.518,-0.4242393202593423,2.0,0.0
2,3,0.5,3,least_squares,10,1.0,0.0,0.0,0.8,0.0,1.0,0.5098163252245553,-0.03337641524682433,2.0,0.0
2,3,0.5,3,one_axis_current,10,1.0,0.3,0.3,1.0,0.0,0.7,0.3087667739560141,-0.34675371522869747,2.0,0.0
2,3,0.5,3,oracle_anchor,10,1.0,1.0,1.0,1.0,0.0,0.0,0.7294975128761187,0.10309604945050502,2.0,0.0
2,3,0.5,3,random_search,10,1.0,1.0,1.0,1.0,0.0,0.0,0.6993822186718103,0.14700028466095375,2.0,0.0
2,3,0.5,3,soft_penalty,10,1.0,0.0,0.0,0.2,0.0,1.0,0.4263127356387117,-0.02204182259933814,2.0,0.0
2,3,0.5,4,UBC,10,0.8,0.8,1.0,1.0,1.0,0.0,0.6265102106829661,-3.469446951953614e-18,2.0,0.0
2,3,0.5,4,current_only,10,0.8,0.4,0.5,1.0,0.0,0.5,0.5625366839099655,-0.04027169397981639,2.0,0.0
2,3,0.5,4,gradient_line,10,0.8,0.8,1.0,1.0,1.0,0.0,0.68625,0.0061890408537535364,2.0,0.0
2,3,0.5,4,least_squares,10,0.8,0.0,0.0,0.375,0.0,1.0,1.1338616040750102,-0.03373071839805161,2.0,0.0
2,3,0.5,4,one_axis_current,10,0.8,0.3,0.375,1.0,0.0,0.625,0.6199272548297494,-0.08846337972662525,2.0,0.0
2,3,0.5,4,oracle_anchor,10,0.8,0.8,1.0,1.0,1.0,0.0,0.8481422023134635,0.05804752566821973,2.0,0.0
2,3,0.5,4,random_search,10,0.8,0.8,1.0,1.0,1.0,0.0,0.7463418905177737,0.03148688360782144,2.0,0.0
2,3,0.5,4,soft_penalty,10,0.8,0.0,0.0,0.25,0.0,1.0,0.455813062739398,-0.05289546302767101,2.0,0.0
2,3,0.5,5,UBC,10,0.6,0.6,1.0,1.0,1.0,0.0,0.6924686234212795,-1.850371707708594e-17,2.0,0.0
2,3,0.5,5,current_only,10,0.6,0.3,0.5,1.0,0.0,0.5,0.5762864765400647,-0.17701030237469703,2.0,0.0
2,3,0.5,5,gradient_line,10,0.6,0.5,0.8333333333333334,1.0,1.0,0.0,1.07,-0.05224412198403553,2.0,0.0
2,3,0.5,5,least_squares,10,0.6,0.0,0.0,0.5,0.0,1.0,1.2305832949154858,-0.05350354357708603,2.0,0.0
2,3,0.5,5,one_axis_current,10,0.6,0.3,0.5,1.0,0.0,0.5,0.6456402227968833,-0.35075080317328383,2.0,0.0
2,3,0.5,5,oracle_anchor,10,0.6,0.6,1.0,1.0,1.0,0.0,0.9082912219182807,0.05038239590820446,2.0,0.0
2,3,0.5,5,random_search,10,0.6,0.6,1.0,1.0,1.0,0.0,0.8750275709705545,0.029270374080709146,2.0,0.0
2,3,0.5,5,soft_penalty,10,0.6,0.0,0.0,0.16666666666666666,0.0,1.0,0.4938112526249037,-0.057886267030780154,2.0,0.0
2,12,0.0,0,UBC,10,0.8,0.8,1.0,1.0,1.0,0.0,0.7744811251624986,-3.0878077872387166e-16,2.0,0.0
2,12,0.0,0,current_only,10,0.8,0.0,0.0,1.0,0.0,1.0,0.46498405005893706,-0.8304275464884698,2.0,0.0
2,12,0.0,0,gradient_line,10,0.8,0.5,0.625,0.875,1.0,0.0,1.9275,-0.16953445500367967,2.0,0.0
2,12,0.0,0,least_squares,10,0.8,0.0,0.0,0.625,0.0,1.0,0.6325341139968852,-0.17366552612490532,2.0,0.0
2,12,0.0,0,one_axis_current,10,0.8,0.0,0.0,1.0,0.0,1.0,0.5828054337376107,-0.8981098813249178,2.0,0.0
2,12,0.0,0,oracle_anchor,10,0.8,0.8,1.0,1.0,1.0,0.0,0.9418595857181022,0.056478939175757525,2.0,0.0
2,12,0.0,0,random_search,10,0.8,0.8,1.0,1.0,1.0,0.0,1.1218090818784774,0.06709450843325046,2.0,0.0
2,12,0.0,0,soft_penalty,10,0.8,0.0,0.0,0.875,0.0,1.0,0.7423322081228416,-0.03234853043394487,2.0,0.0
2,12,0.0,1,UBC,10,0.7,0.7,1.0,1.0,1.0,0.0,0.7888297614168793,-4.3615904538845435e-17,2.0,0.0
2,12,0.0,1,current_only,10,0.7,0.0,0.0,1.0,0.0,1.0,0.49269472271691134,-0.5715909794475291,2.0,0.0
2,12,0.0,1,gradient_line,10,0.7,0.4,0.5714285714285714,0.8571428571428571,1.0,0.0,1.9842857142857144,-0.059179026573532786,2.0,0.0
2,12,0.0,1,least_squares,10,0.7,0.0,0.0,0.5714285714285714,0.0,1.0,0.6048133545616985,-0.21164903908752716,2.0,0.0
2,12,0.0,1,one_axis_current,10,0.7,0.0,0.0,1.0,0.0,1.0,0.5761122746813172,-0.8604888925695214,2.0,0.0
2,12,0.0,1,oracle_anchor,10,0.7,0.7,1.0,1.0,1.0,0.0,0.9369710450191154,0.05509082142731481,2.0,0.0
2,12,0.0,1,random_search,10,0.7,0.7,1.0,1.0,1.0,0.0,1.311386518941992,0.11876244025863344,2.0,0.0
2,12,0.0,1,soft_penalty,10,0.7,0.0,0.0,0.5714285714285714,0.0,1.0,0.7456271564877585,-0.03270837876338145,2.0,0.0
2,12,0.0,2,UBC,10,0.8,0.8,1.0,1.0,1.0,0.0,0.5671718268048533,-5.204170427930421e-17,2.0,0.0
2,12,0.0,2,current_only,10,0.8,0.0,0.0,1.0,0.0,1.0,0.25625362578226996,-0.7780821182111741,2.0,0.0
2,12,0.0,2,gradient_line,10,0.8,0.6,0.75,1.0,1.0,0.0,1.8712499999999999,-0.22339418737130387,2.0,0.0
2,12,0.0,2,least_squares,10,0.8,0.0,0.0,0.375,0.0,1.0,0.4549124676115559,-0.13802896862739167,2.0,0.0
2,12,0.0,2,one_axis_current,10,0.8,0.0,0.0,1.0,0.0,1.0,0.30411991039878855,-0.8515085193495426,2.0,0.0
2,12,0.0,2,oracle_anchor,10,0.8,0.8,1.0,1.0,1.0,0.0,0.6838130014128563,0.041130715150435655,2.0,0.0
2,12,0.0,2,random_search,10,0.8,0.8,1.0,1.0,1.0,0.0,0.9616653599982279,0.1299267278629857,2.0,0.0
2,12,0.0,2,soft_penalty,10,0.8,0.0,0.0,0.75,0.0,1.0,0.5425634148432211,-0.021198194892943733,2.0,0.0
2,12,0.0,3,UBC,10,0.9,0.9,1.0,1.0,1.0,0.0,0.532599182670292,-3.0839528461809903e-16,2.0,0.0
2,12,0.0,3,current_only,10,0.9,0.0,0.0,1.0,0.0,1.0,0.2792328856342686,-0.5275864627128921,2.0,0.0
2,12,0.0,3,gradient_line,10,0.9,0.6,0.6666666666666666,1.0,1.0,0.0,1.3833333333333335,-0.38856203850545146,2.0,0.0
2,12,0.0,3,least_squares,10,0.9,0.0,0.0,0.6666666666666666,0.0,1.0,0.43889711646963236,-0.11129917320152533,2.0,0.0
2,12,0.0,3,one_axis_current,10,0.9,0.0,0.0,1.0,0.0,1.0,0.3164019694058949,-0.4820738668454334,2.0,0.0
2,12,0.0,3,oracle_anchor,10,0.9,0.9,1.0,1.0,1.0,0.0,0.6534940475846646,0.05844192571409909,2.0,0.0
2,12,0.0,3,random_search,10,0.9,0.9,1.0,1.0,1.0,0.0,0.8876435059575355,0.08956310474010411,2.0,0.0
2,12,0.0,3,soft_penalty,10,0.9,0.0,0.0,0.7777777777777778,0.0,1.0,0.5112902485078549,-0.022911172423027506,2.0,0.0
2,12,0.0,4,UBC,10,1.0,1.0,1.0,1.0,0.0,0.0,0.709916483765719,4.9960036108132046e-17,2.0,0.0
2,12,0.0,4,current_only,10,1.0,0.0,0.0,1.0,0.0,1.0,0.353317696165116,-0.9164881017728147,2.0,0.0
2,12,0.0,4,gradient_line,10,1.0,0.7,0.7,1.0,0.0,0.0,1.5929999999999995,-0.42726942585971106,2.0,0.0
2,12,0.0,4,least_squares,10,1.0,0.0,0.0,0.8,0.0,1.0,0.5976694771802938,-0.1722675324691661,2.0,0.0
2,12,0.0,4,one_axis_current,10,1.0,0.0,0.0,1.0,0.0,1.0,0.40869458546951015,-0.7726691925735126,2.0,0.0
2,12,0.0,4,oracle_anchor,10,1.0,1.0,1.0,1.0,0.0,0.0,0.8400849975016549,0.05861426510714561,2.0,0.0
2,12,0.0,4,random_search,10,1.0,1.0,1.0,1.0,0.0,0.0,1.1376657863494088,0.07558988741899678,2.0,0.0
2,12,0.0,4,soft_penalty,10,1.0,0.1,0.1,1.0,0.0,0.9,0.682564968082504,-0.023665984212609164,2.0,0.0
2,12,0.0,5,UBC,10,0.5,0.5,1.0,1.0,1.0,0.0,0.499879123693176,-1.1102230246251566e-17,2.0,0.0
2,12,0.0,5,current_only,10,0.5,0.0,0.0,1.0,0.0,1.0,0.2996327714567123,-0.5634684226737703,2.0,0.0
2,12,0.0,5,gradient_line,10,0.5,0.4,0.8,1.0,1.0,0.0,1.494,-0.05060824137405214,2.0,0.0
2,12,0.0,5,least_squares,10,0.5,0.0,0.0,0.6,0.0,1.0,0.4025906493815935,-0.1373674218034772,2.0,0.0
2,12,0.0,5,one_axis_current,10,0.5,0.0,0.0,1.0,0.0,1.0,0.3363350192621342,-0.5283008594668912,2.0,0.0
2,12,0.0,5,oracle_anchor,10,0.5,0.5,1.0,1.0,1.0,0.0,0.6018700225628788,0.04141370543193221,2.0,0.0
2,12,0.0,5,random_search,10,0.5,0.5,1.0,1.0,1.0,0.0,0.7316105722763661,0.039049132571354866,2.0,0.0
2,12,0.0,5,soft_penalty,10,0.5,0.1,0.2,0.8,0.0,0.8,0.8049555685144867,0.03510698742617239,2.0,0.0
2,12,0.5,0,UBC,10,0.8,0.8,1.0,1.0,1.0,0.0,0.7220751190242931,-2.3245294578089215e-16,2.0,0.0
2,12,0.5,0,current_only,10,0.8,0.0,0.0,1.0,0.0,1.0,0.44020449033290987,-0.7550677144416089,2.0,0.0
2,12,0.5,0,gradient_line,10,0.8,0.7,0.875,1.0,1.0,0.0,1.42875,-0.008214831811765917,2.0,0.0
2,12,0.5,0,least_squares,10,0.8,0.0,0.0,0.75,0.0,1.0,0.8893185486329928,-0.15079492039127593,2.0,0.0
2,12,0.5,0,one_axis_current,10,0.8,0.0,0.0,1.0,0.0,1.0,0.5721835309762614,-0.8471716850303708,2.0,0.0
2,12,0.5,0,oracle_anchor,10,0.8,0.8,1.0,1.0,1.0,0.0,0.8732643926128423,0.04966897673758247,2.0,0.0
2,12,0.5,0,random_search,10,0.8,0.8,1.0,1.0,1.0,0.0,0.9413874179595887,0.046184542000117915,2.0,0.0
2,12,0.5,0,soft_penalty,10,0.8,0.0,0.0,0.875,0.0,1.0,0.6639980161920112,-0.03094488926798535,2.0,0.0
2,12,0.5,1,UBC,10,0.9,0.9,1.0,1.0,1.0,0.0,0.8339287641652293,-2.1587669923266932e-16,2.0,0.0
2,12,0.5,1,current_only,10,0.9,0.0,0.0,1.0,0.0,1.0,0.5616714929266283,-0.4351000271761347,2.0,0.0
2,12,0.5,1,gradient_line,10,0.9,0.7,0.7777777777777778,0.8888888888888888,1.0,0.0,1.3766666666666667,-0.0469960692038741,2.0,0.0
2,12,0.5,1,least_squares,10,0.9,0.0,0.0,0.5555555555555556,0.0,1.0,0.9910524872871981,-0.19018828170523527,2.0,0.0
2,12,0.5,1,one_axis_current,10,0.9,0.1,0.1111111111111111,1.0,0.0,0.8888888888888888,0.6380477487924284,-0.512624170335831,2.0,0.0
2,12,0.5,1,oracle_anchor,10,0.9,0.9,1.0,1.0,1.0,0.0,1.0176213664757303,0.051327234776562564,2.0,0.0
2,12,0.5,1,random_search,10,0.9,0.9,1.0,1.0,1.0,0.0,0.9922233140148956,0.029467340841826895,2.0,0.0
2,12,0.5,1,soft_penalty,10,0.9,0.0,0.0,0.6666666666666666,0.0,1.0,0.7412559497322551,-0.038719287232114694,2.0,0.0
2,12,0.5,2,UBC,10,1.0,1.0,1.0,1.0,0.0,0.0,0.6439864032254173,-1.1102230246251566e-17,2.0,0.0
2,12,0.5,2,current_only,10,1.0,0.0,0.0,1.0,0.0,1.0,0.36104215321598837,-0.664001182958142,2.0,0.0
2,12,0.5,2,gradient_line,10,1.0,0.7,0.7,1.0,0.0,0.0,1.452,-0.2762881883053762,2.0,0.0
2,12,0.5,2,least_squares,10,1.0,0.0,0.0,0.5,0.0,1.0,0.5187401137109263,-0.11594479825083173,2.0,0.0
2,12,0.5,2,one_axis_current,10,1.0,0.0,0.0,1.0,0.0,1.0,0.3967110560674744,-0.60961379916122,2.0,0.0
2,12,0.5,2,oracle_anchor,10,1.0,1.0,1.0,1.0,0.0,0.0,0.7574930087283311,0.0354699211590183,2.0,0.0
2,12,0.5,2,random_search,10,1.0,1.0,1.0,1.0,0.0,0.0,0.8521087853015947,0.05861968495408513,2.0,0.0
2,12,0.5,2,soft_penalty,10,1.0,0.0,0.0,0.8,0.0,1.0,0.580442789730467,-0.02723801357251246,2.0,0.0
2,12,0.5,3,UBC,10,0.9,0.9,1.0,1.0,1.0,0.0,0.5277234821416373,-1.4186183092432555e-16,2.0,0.0
2,12,0.5,3,current_only,10,0.9,0.1,0.1111111111111111,1.0,0.0,0.8888888888888888,0.32746744930061755,-0.31438200718967685,2.0,0.0
2,12,0.5,3,gradient_line,10,0.9,0.7,0.7777777777777778,1.0,1.0,0.0,1.1666666666666667,-0.30794339074582044,2.0,0.0
2,12,0.5,3,least_squares,10,0.9,0.0,0.0,0.4444444444444444,0.0,1.0,0.4370627834461593,-0.0852058918382107,2.0,0.0
2,12,0.5,3,one_axis_current,10,0.9,0.1,0.1111111111111111,1.0,0.0,0.8888888888888888,0.3583556505962913,-0.281413851551293,2.0,0.0
2,12,0.5,3,oracle_anchor,10,0.9,0.9,1.0,1.0,1.0,0.0,0.6363794734990628,0.04150017099221112,2.0,0.0
2,12,0.5,3,random_search,10,0.9,0.9,1.0,1.0,1.0,0.0,0.8082300587233102,0.045555469905941615,2.0,0.0
2,12,0.5,3,soft_penalty,10,0.9,0.0,0.0,0.7777777777777778,0.0,1.0,0.4794717011359476,-0.028324164790050448,2.0,0.0
2,12,0.5,4,UBC,10,0.9,0.9,1.0,1.0,1.0,0.0,0.5851284076994716,-1.1410625530869663e-16,2.0,0.0
2,12,0.5,4,current_only,10,0.9,0.1,0.1111111111111111,1.0,0.0,0.8888888888888888,0.457427081121933,-0.1825297069122808,2.0,0.0
2,12,0.5,4,gradient_line,10,0.9,0.8,0.8888888888888888,1.0,1.0,0.0,1.1533333333333333,-0.08680865101279552,2.0,0.0
2,12,0.5,4,least_squares,10,0.9,0.0,0.0,0.5555555555555556,0.0,1.0,0.5812298468651004,-0.07284871862128882,2.0,0.0
2,12,0.5,4,one_axis_current,10,0.9,0.0,0.0,1.0,0.0,1.0,0.48247272084485854,-0.1552481168600376,2.0,0.0
2,12,0.5,4,oracle_anchor,10,0.9,0.9,1.0,1.0,1.0,0.0,0.7189104388679812,0.04166796437630927,2.0,0.0
2,12,0.5,4,random_search,10,0.9,0.9,1.0,1.0,1.0,0.0,0.852637158726553,0.07261164935195273,2.0,0.0
2,12,0.5,4,soft_penalty,10,0.9,0.0,0.0,0.7777777777777778,0.0,1.0,0.5227959403506993,-0.03177197817685272,2.0,0.0
2,12,0.5,5,UBC,10,1.0,1.0,1.0,1.0,0.0,0.0,0.6434321948022969,-2.4980018054066023e-17,2.0,0.0
2,12,0.5,5,current_only,10,1.0,0.1,0.1,1.0,0.0,0.9,0.4072259618450008,-0.1904485138841094,2.0,0.0
2,12,0.5,5,gradient_line,10,1.0,0.9,0.9,1.0,0.0,0.0,0.9869999999999999,-0.0312286590625963,2.0,0.0
2,12,0.5,5,least_squares,10,1.0,0.0,0.0,0.6,0.0,1.0,0.7906137324018901,-0.09826954286211217,2.0,0.0
2,12,0.5,5,one_axis_current,10,1.0,0.0,0.0,1.0,0.0,1.0,0.45778353975822383,-0.1664551571334581,2.0,0.0
2,12,0.5,5,oracle_anchor,10,1.0,1.0,1.0,1.0,0.0,0.0,0.7751735982137713,0.0383522150326991,2.0,0.0
2,12,0.5,5,random_search,10,1.0,1.0,1.0,1.0,0.0,0.0,0.8742965803497975,0.045290985496388284,2.0,0.0
2,12,0.5,5,soft_penalty,10,1.0,0.0,0.0,0.6,0.0,1.0,0.5310133558142958,-0.03785950847848146,2.0,0.0
2,24,0.0,0,UBC,10,0.6,0.6,1.0,1.0,1.0,0.0,0.7126805644072486,-1.3183898417423734e-16,2.0,0.0
2,24,0.0,0,current_only,10,0.6,0.0,0.0,1.0,0.0,1.0,0.41824160470878674,-0.8100469974364249,2.0,0.0
2,24,0.0,0,gradient_line,10,0.6,0.4,0.6666666666666666,1.0,1.0,0.0,1.6749999999999998,-0.07818418093524687,2.0,0.0
2,24,0.0,0,least_squares,10,0.6,0.0,0.0,0.5,0.0,1.0,0.5439893066458305,-0.19650479080219685,2.0,0.0
2,24,0.0,0,one_axis_current,10,0.6,0.0,0.0,1.0,0.0,1.0,0.4787213391308205,-0.9076699073221576,2.0,0.0
2,24,0.0,0,oracle_anchor,10,0.6,0.6,1.0,1.0,1.0,0.0,0.8352179742953968,0.038513133941243054,2.0,0.0
2,24,0.0,0,random_search,10,0.6,0.6,1.0,1.0,1.0,0.0,1.1000442418054186,0.03631895591993806,2.0,0.0
2,24,0.0,0,soft_penalty,10,0.6,0.0,0.0,0.8333333333333334,0.0,1.0,1.395967472793771,-1.8848644645109072,2.0,0.0
2,24,0.0,1,UBC,10,0.9,0.9,1.0,1.0,1.0,0.0,0.7656714924390695,-6.78469626159818e-17,2.0,0.0
2,24,0.0,1,current_only,10,0.9,0.0,0.0,1.0,0.0,1.0,0.44316984765965295,-0.782369599804249,2.0,0.0
2,24,0.0,1,gradient_line,10,0.9,0.6,0.6666666666666666,1.0,1.0,0.0,1.8366666666666664,-0.21678624651198586,2.0,0.0
2,24,0.0,1,least_squares,10,0.9,0.0,0.0,0.2222222222222222,0.0,1.0,0.5823215965112302,-0.23717772179949423,2.0,0.0
2,24,0.0,1,one_axis_current,10,0.9,0.0,0.0,1.0,0.0,1.0,0.4814586067791736,-0.8821402956474774,2.0,0.0
2,24,0.0,1,oracle_anchor,10,0.9,0.9,1.0,1.0,1.0,0.0,0.8962404765134742,0.04224977409638194,2.0,0.0
2,24,0.0,1,random_search,10,0.9,0.9,1.0,1.0,1.0,0.0,1.1371862309455167,0.037618664054083,2.0,0.0
2,24,0.0,1,soft_penalty,10,0.9,0.0,0.0,0.6666666666666666,0.0,1.0,1.014693114516862,-0.7312163598484673,2.0,0.0
2,24,0.0,2,UBC,10,0.9,0.9,1.0,1.0,1.0,0.0,0.8721023254127606,1.634495008475925e-16,2.0,0.0
2,24,0.0,2,current_only,10,0.9,0.0,0.0,1.0,0.0,1.0,0.5062080506484232,-1.0631652000192733,2.0,0.0
2,24,0.0,2,gradient_line,10,0.9,0.6,0.6666666666666666,0.8888888888888888,1.0,0.0,1.7866666666666664,-0.23106064124674386,2.0,0.0
2,24,0.0,2,least_squares,10,0.9,0.0,0.0,0.4444444444444444,0.0,1.0,0.6734641036281244,-0.27773163132994294,2.0,0.0
2,24,0.0,2,one_axis_current,10,0.9,0.0,0.0,1.0,0.0,1.0,0.5725381963367648,-1.193338592600727,2.0,0.0
2,24,0.0,2,oracle_anchor,10,0.9,0.9,1.0,1.0,1.0,0.0,1.0243498184714974,0.0618958087273744,2.0,0.0
2,24,0.0,2,random_search,10,0.9,0.9,1.0,1.0,1.0,0.0,1.2302547188013229,0.08464166587769664,2.0,0.0
2,24,0.0,2,soft_penalty,10,0.9,0.1,0.1111111111111111,0.7777777777777778,0.0,0.8888888888888888,0.8466004263992638,-0.027749538868072996,2.0,0.0
2,24,0.0,3,UBC,10,0.4,0.4,1.0,1.0,1.0,0.0,0.7159638045613881,-2.8449465006019636e-16,2.0,0.0
2,24,0.0,3,current_only,10,0.4,0.0,0.0,1.0,0.0,1.0,0.464839348952122,-0.6415666226276642,2.0,0.0
2,24,0.0,3,gradient_line,10,0.4,0.0,0.0,1.0,1.0,0.0,3.0,-0.5365315840094761,2.0,0.0
2,24,0.0,3,least_squares,10,0.4,0.0,0.0,0.5,0.0,1.0,0.5511649190192891,-0.2000463479974567,2.0,0.0
2,24,0.0,3,one_axis_current,10,0.4,0.0,0.0,1.0,0.0,1.0,0.5853262023014074,-0.6593153902371179,2.0,0.0
2,24,0.0,3,oracle_anchor,10,0.4,0.4,1.0,1.0,1.0,0.0,0.85065954575839,0.037652874343656,2.0,0.0
2,24,0.0,3,random_search,10,0.4,0.4,1.0,1.0,1.0,0.0,1.1679679445429527,0.04685065627702599,2.0,0.0
2,24,0.0,3,soft_penalty,10,0.4,0.0,0.0,1.0,0.0,1.0,1.2329820628151422,-0.02267395920118702,2.0,0.0
2,24,0.0,4,UBC,10,0.9,0.9,1.0,1.0,1.0,0.0,0.6095674216495618,-1.3877787807814457e-16,2.0,0.0
2,24,0.0,4,current_only,10,0.9,0.0,0.0,1.0,0.0,1.0,0.3388703705080409,-0.7241208889031636,2.0,0.0
2,24,0.0,4,gradient_line,10,0.9,0.7,0.7777777777777778,1.0,1.0,0.0,1.3166666666666667,-0.10290970574988638,2.0,0.0
2,24,0.0,4,least_squares,10,0.9,0.0,0.0,0.6666666666666666,0.0,1.0,0.4926341128618671,-0.2028410621148997,2.0,0.0
2,24,0.0,4,one_axis_current,10,0.9,0.0,0.0,1.0,0.0,1.0,0.3724326812908227,-0.8674952710732625,2.0,0.0
2,24,0.0,4,oracle_anchor,10,0.9,0.9,1.0,1.0,1.0,0.0,0.7159049839205885,0.034222128312980785,2.0,0.0
2,24,0.0,4,random_search,10,0.9,0.9,1.0,1.0,1.0,0.0,1.1015400698699702,0.09828863719313431,2.0,0.0
2,24,0.0,4,soft_penalty,10,0.9,0.0,0.0,1.0,0.0,1.0,0.8421125644514343,-0.5130190174912167,2.0,0.0
2,24,0.0,5,UBC,10,1.0,1.0,1.0,1.0,0.0,0.0,0.6861750692262556,-5.828670879282072e-17,2.0,0.0
2,24,0.0,5,current_only,10,1.0,0.0,0.0,1.0,0.0,1.0,0.45726859950187154,-0.6411312710722943,2.0,0.0
2,24,0.0,5,gradient_line,10,1.0,0.7,0.7,1.0,0.0,0.0,1.599,-0.10127039895805474,2.0,0.0
2,24,0.0,5,least_squares,10,1.0,0.0,0.0,0.0,0.0,1.0,0.5366352103611245,-0.20687116021805602,2.0,0.0
2,24,0.0,5,one_axis_current,10,1.0,0.0,0.0,1.0,0.0,1.0,0.5056425149659626,-0.7505064120154501,2.0,0.0
2,24,0.0,5,oracle_anchor,10,1.0,1.0,1.0,1.0,0.0,0.0,0.8057699300603218,0.03546356672657656,2.0,0.0
2,24,0.0,5,random_search,10,1.0,1.0,1.0,1.0,0.0,0.0,1.0833193726056325,0.08093671391559223,2.0,0.0
2,24,0.0,5,soft_penalty,10,1.0,0.0,0.0,0.7,0.0,1.0,0.8578116521277043,-0.5765525104549655,2.0,0.0
2,24,0.5,0,UBC,10,0.7,0.7,1.0,1.0,1.0,0.0,0.585173113624949,-5.551115123125783e-17,2.0,0.0
2,24,0.5,0,current_only,10,0.7,0.0,0.0,1.0,0.0,1.0,0.31506141287363887,-0.5540975776415358,2.0,0.0
2,24,0.5,0,gradient_line,10,0.7,0.4,0.5714285714285714,1.0,1.0,0.0,1.812857142857143,-0.13910911954332178,2.0,0.0
2,24,0.5,0,least_squares,10,0.7,0.0,0.0,0.8571428571428571,0.0,1.0,0.4589174481564135,-0.17575280696651405,2.0,0.0
2,24,0.5,0,one_axis_current,10,0.7,0.0,0.0,1.0,0.0,1.0,0.33529458928646616,-0.5118118632443076,2.0,0.0
2,24,0.5,0,oracle_anchor,10,0.7,0.7,1.0,1.0,1.0,0.0,0.6894666672250886,0.043539323684000646,2.0,0.0
2,24,0.5,0,random_search,10,0.7,0.7,1.0,1.0,1.0,0.0,0.8867066699988954,0.05488063740756876,2.0,0.0
2,24,0.5,0,soft_penalty,10,0.7,0.0,0.0,1.0,0.0,1.0,0.5624204402724626,-0.019870202733252507,2.0,0.0
2,24,0.5,1,UBC,10,0.7,0.7,1.0,1.0,1.0,0.0,0.6364455366621403,-6.740639792367021e-17,2.0,0.0
2,24,0.5,1,current_only,10,0.7,0.0,0.0,1.0,0.0,1.0,0.383765448484747,-0.558685421470008,2.0,0.0
2,24,0.5,1,gradient_line,10,0.7,0.6,0.8571428571428571,1.0,1.0,0.0,1.17,-0.11045741812398753,2.0,0.0
2,24,0.5,1,least_squares,10,0.7,0.0,0.0,0.7142857142857143,0.0,1.0,0.5357648175168953,-0.16963793016074558,2.0,0.0
2,24,0.5,1,one_axis_current,10,0.7,0.0,0.0,1.0,0.0,1.0,0.41802325987115824,-0.6436868142445037,2.0,0.0
2,24,0.5,1,oracle_anchor,10,0.7,0.7,1.0,1.0,1.0,0.0,0.7802238808567665,0.04220466928647187,2.0,0.0
2,24,0.5,1,random_search,10,0.7,0.7,1.0,1.0,1.0,0.0,0.9350451933694375,0.06110163835361781,2.0,0.0
2,24,0.5,1,soft_penalty,10,0.7,0.0,0.0,0.8571428571428571,0.0,1.0,0.6002351887175312,-0.022124034872228273,2.0,0.0
2,24,0.5,2,UBC,10,0.5,0.5,1.0,1.0,1.0,0.0,0.7301185709608655,-5.551115123125783e-18,2.0,0.0
2,24,0.5,2,current_only,10,0.5,0.0,0.0,1.0,0.0,1.0,0.47190735882695983,-0.49427085449046937,2.0,0.0
2,24,0.5,2,gradient_line,10,0.5,0.4,0.8,1.0,1.0,0.0,1.182,-0.11012302164646855,2.0,0.0
2,24,0.5,2,least_squares,10,0.5,0.0,0.0,0.4,0.0,1.0,0.5675709474219475,-0.1108333097277249,2.0,0.0
2,24,0.5,2,one_axis_current,10,0.5,0.0,0.0,1.0,0.0,1.0,0.49311252085826596,-0.5523367367657966,2.0,0.0
2,24,0.5,2,oracle_anchor,10,0.5,0.5,1.0,1.0,1.0,0.0,0.8730860860921708,0.033334304171545516,2.0,0.0
2,24,0.5,2,random_search,10,0.5,0.5,1.0,1.0,1.0,0.0,1.0129095660664764,0.04406739879223496,2.0,0.0
2,24,0.5,2,soft_penalty,10,0.5,0.0,0.0,0.8,0.0,1.0,0.6432937265580518,-0.03654169232612557,2.0,0.0
2,24,0.5,3,UBC,10,0.4,0.4,1.0,1.0,1.0,0.0,0.5955907568588201,-4.85722573273506e-17,2.0,0.0
2,24,0.5,3,current_only,10,0.4,0.0,0.0,1.0,0.0,1.0,0.36214233021398196,-0.28034354988660876,2.0,0.0
2,24,0.5,3,gradient_line,10,0.4,0.3,0.75,1.0,1.0,0.0,1.695,-0.03704038634247727,2.0,0.0
2,24,0.5,3,least_squares,10,0.4,0.0,0.0,0.75,0.0,1.0,0.72313997697035,-0.1375797822729413,2.0,0.0
2,24,0.5,3,one_axis_current,10,0.4,0.0,0.0,1.0,0.0,1.0,0.4023065837567972,-0.3485422408626062,2.0,0.0
2,24,0.5,3,oracle_anchor,10,0.4,0.4,1.0,1.0,1.0,0.0,0.6999700864426833,0.029608616524573743,2.0,0.0
2,24,0.5,3,random_search,10,0.4,0.4,1.0,1.0,1.0,0.0,0.756673201821338,0.033515650649347875,2.0,0.0
2,24,0.5,3,soft_penalty,10,0.4,0.0,0.0,0.75,0.0,1.0,0.5416358313912231,-0.023251125253335135,2.0,0.0
2,24,0.5,4,UBC,10,1.0,1.0,1.0,1.0,0.0,0.0,0.6903896928696238,9.992007221626409e-17,2.0,0.0
2,24,0.5,4,current_only,10,1.0,0.0,0.0,1.0,0.0,1.0,0.4073277246923136,-0.6255919215331074,2.0,0.0
2,24,0.5,4,gradient_line,10,1.0,0.9,0.9,1.0,0.0,0.0,1.128,-0.05336543228854727,2.0,0.0
2,24,0.5,4,least_squares,10,1.0,0.0,0.0,0.6,0.0,1.0,0.5616501297562568,-0.1875061057284036,2.0,0.0
2,24,0.5,4,one_axis_current,10,1.0,0.0,0.0,1.0,0.0,1.0,0.46181988756346337,-0.6810129274362573,2.0,0.0
2,24,0.5,4,oracle_anchor,10,1.0,1.0,1.0,1.0,0.0,0.0,0.8118800657534282,0.03223351663049483,2.0,0.0
2,24,0.5,4,random_search,10,1.0,1.0,1.0,1.0,0.0,0.0,1.0323532658431485,0.06363956525040097,2.0,0.0
2,24,0.5,4,soft_penalty,10,1.0,0.0,0.0,0.8,0.0,1.0,0.6430458263092762,-0.024932636468301905,2.0,0.0
2,24,0.5,5,UBC,10,0.8,0.8,1.0,1.0,1.0,0.0,0.6804856760639795,6.938893903907228e-17,2.0,0.0
2,24,0.5,5,current_only,10,0.8,0.0,0.0,1.0,0.0,1.0,0.34093585383333963,-0.5098366630836116,2.0,0.0
2,24,0.5,5,gradient_line,10,0.8,0.7,0.875,1.0,1.0,0.0,1.1737499999999998,-0.07985551064372887,2.0,0.0
2,24,0.5,5,least_squares,10,0.8,0.0,0.0,0.5,0.0,1.0,0.580837526097826,-0.13672330078288827,2.0,0.0
2,24,0.5,5,one_axis_current,10,0.8,0.0,0.0,1.0,0.0,1.0,0.3748939717301389,-0.5663278399217533,2.0,0.0
2,24,0.5,5,oracle_anchor,10,0.8,0.8,1.0,1.0,1.0,0.0,0.8168986917415986,0.037299233295753534,2.0,0.0
2,24,0.5,5,random_search,10,0.8,0.8,1.0,1.0,1.0,0.0,0.8532772230053614,0.031069975631125724,2.0,0.0
2,24,0.5,5,soft_penalty,10,0.8,0.0,0.0,0.875,0.0,1.0,0.6122105820906736,-0.0296496199142961,2.0,0.0
3,3,0.0,0,UBC,10,0.8,0.8,1.0,1.0,1.0,0.0,0.40965356383670826,-9.367506770274758e-17,2.8,0.2
3,3,0.0,0,current_only,10,0.8,0.0,0.0,1.0,0.0,1.0,0.18538254373052465,-0.5348273027764675,2.8,0.2
3,3,0.0,0,gradient_line,10,0.8,0.7,0.875,1.0,1.0,0.0,0.88875,-0.17271577006329547,2.8,0.2
3,3,0.0,0,least_squares,10,0.8,0.8,1.0,1.0,0.0,0.0,0.5634273217512614,-4.354155924701786e-16,2.8,0.2
3,3,0.0,0,one_axis_current,10,0.8,0.0,0.0,1.0,0.0,1.0,0.2099456033883131,-0.5903994429430708,2.8,0.2
3,3,0.0,0,oracle_anchor,10,0.8,0.8,1.0,1.0,1.0,0.0,0.7805459392547045,0.08147358869799304,2.8,0.2
3,3,0.0,0,random_search,10,0.8,0.8,1.0,1.0,1.0,0.0,1.222693292469442,0.330992526003955,2.8,0.2
3,3,0.0,0,soft_penalty,10,0.8,0.0,0.0,0.5,0.0,1.0,0.39846506362679013,-0.017669820151130416,2.8,0.2
3,3,0.0,1,UBC,10,0.8,0.8,1.0,1.0,1.0,0.0,0.4858598488629436,-1.1449174941446927e-16,2.8,0.2
3,3,0.0,1,current_only,10,0.8,0.0,0.0,1.0,0.0,1.0,0.20503887513476463,-0.39434009703963135,2.8,0.2
3,3,0.0,1,gradient_line,10,0.8,0.7,0.875,1.0,1.0,0.0,1.2937500000000002,0.0016604135397937786,2.8,0.2
3,3,0.0,1,least_squares,10,0.8,0.8,1.0,1.0,0.0,0.0,0.5166087938119767,-1.2663481374630692e-16,2.8,0.2
3,3,0.0,1,one_axis_current,10,0.8,0.0,0.0,1.0,0.0,1.0,0.2560915630362402,-0.419762897351018,2.8,0.2
3,3,0.0,1,oracle_anchor,10,0.8,0.8,1.0,1.0,1.0,0.0,0.7690335878421067,0.08017358046380971,2.8,0.2
3,3,0.0,1,random_search,10,0.8,0.8,1.0,1.0,1.0,0.0,0.9684135979742146,0.24959270534238898,2.8,0.2
3,3,0.0,1,soft_penalty,10,0.8,0.0,0.0,0.25,0.0,1.0,0.4542100634424281,-0.025120083820250237,2.8,0.2
3,3,0.0,2,UBC,10,0.8,0.8,1.0,1.0,1.0,0.0,0.44877714815065883,-7.28583859910259e-17,2.8,0.2
3,3,0.0,2,current_only,10,0.8,0.0,0.0,1.0,0.0,1.0,0.2854018344696193,-0.37092947088344747,2.8,0.2
3,3,0.0,2,gradient_line,10,0.8,0.6,0.75,1.0,1.0,0.0,1.2375,-0.22818856045078634,2.8,0.2
3,3,0.0,2,least_squares,10,0.8,0.7,0.875,0.875,0.0,0.125,0.978183895256901,-0.03397767364086575,2.8,0.2
3,3,0.0,2,one_axis_current,10,0.8,0.0,0.0,1.0,0.0,1.0,0.32526280144692615,-0.39600443021360215,2.8,0.2
3,3,0.0,2,oracle_anchor,10,0.8,0.8,1.0,1.0,1.0,0.0,0.757257926076916,0.12855244066120342,2.8,0.2
3,3,0.0,2,random_search,10,0.8,0.8,1.0,1.0,1.0,0.0,0.9777722238585305,0.22259541794892343,2.8,0.2
3,3,0.0,2,soft_penalty,10,0.8,0.0,0.0,0.375,0.0,1.0,0.42218357075044394,-0.018839509628053214,2.8,0.2
3,3,0.0,3,UBC,10,0.6,0.6,1.0,1.0,1.0,0.0,0.4546432572450443,-6.013708050052931e-17,2.6,0.4
3,3,0.0,3,current_only,10,0.6,0.1,0.16666666666666666,1.0,0.0,0.8333333333333334,0.3115346980361435,-0.42881869665045586,2.6,0.4
3,3,0.0,3,gradient_line,10,0.6,0.6,1.0,1.0,1.0,0.0,0.9149999999999999,0.012603976243791845,2.6,0.4
3,3,0.0,3,least_squares,10,0.6,0.6,1.0,1.0,0.0,0.0,0.4934971111976261,-1.6653345369377348e-16,2.6,0.4
3,3,0.0,3,one_axis_current,10,0.6,0.0,0.0,1.0,0.0,1.0,0.3556030011407089,-0.42131077386464666,2.6,0.4
3,3,0.0,3,oracle_anchor,10,0.6,0.6,1.0,1.0,1.0,0.0,0.750716237272767,0.0887711690664984,2.6,0.4
3,3,0.0,3,random_search,10,0.6,0.6,1.0,1.0,1.0,0.0,0.92629308696888,0.1399363712437942,2.6,0.4
3,3,0.0,3,soft_penalty,10,0.6,0.0,0.0,0.0,0.0,1.0,0.4375391273114891,-0.01783951812459675,2.6,0.4
3,3,0.0,4,UBC,10,0.6,0.6,1.0,1.0,1.0,0.0,0.6193368970363665,-6.013708050052931e-17,2.6,0.4
3,3,0.0,4,current_only,10,0.6,0.0,0.0,1.0,0.0,1.0,0.4337378178460934,-0.40005003853249765,2.6,0.4
3,3,0.0,4,gradient_line,10,0.6,0.4,0.6666666666666666,0.8333333333333334,1.0,0.0,1.6200000000000003,-0.8149928209744104,2.6,0.4
3,3,0.0,4,least_squares,10,0.6,0.6,1.0,1.0,0.0,0.0,0.8502317281605339,-1.3415194880887307e-16,2.6,0.4
3,3,0.0,4,one_axis_current,10,0.6,0.0,0.0,1.0,0.0,1.0,0.5652368103930422,-0.8289538489213838,2.6,0.4
3,3,0.0,4,oracle_anchor,10,0.6,0.6,1.0,1.0,1.0,0.0,0.933765987019162,0.09031971154621099,2.6,0.4
3,3,0.0,4,random_search,10,0.6,0.6,1.0,1.0,1.0,0.0,1.0637805998065302,0.1262952465024776,2.6,0.4
3,3,0.0,4,soft_penalty,10,0.6,0.0,0.0,0.0,0.0,1.0,0.5899313630787978,-0.03236935486478861,2.6,0.4
3,3,0.0,5,UBC,10,0.7,0.7,1.0,1.0,1.0,0.0,0.5079269565016331,-1.5463820700136108e-16,2.7,0.3
3,3,0.0,5,current_only,10,0.7,0.0,0.0,1.0,0.0,1.0,0.32413498465889184,-0.45206613549058144,2.7,0.3
3,3,0.0,5,gradient_line,10,0.7,0.4,0.5714285714285714,1.0,1.0,0.0,1.5814285714285714,-0.6010915564100964,2.7,0.3
3,3,0.0,5,least_squares,10,0.7,0.7,1.0,1.0,0.0,0.0,0.5290071845993735,-2.279922282712375e-16,2.7,0.3
3,3,0.0,5,one_axis_current,10,0.7,0.0,0.0,1.0,0.0,1.0,0.4161172958072535,-0.4917603143769784,2.7,0.3
3,3,0.0,5,oracle_anchor,10,0.7,0.7,1.0,1.0,1.0,0.0,0.8969527789685943,0.09701128629480404,2.7,0.3
3,3,0.0,5,random_search,10,0.7,0.7,1.0,1.0,1.0,0.0,1.125230885275084,0.1676163837791377,2.7,0.3
3,3,0.0,5,soft_penalty,10,0.7,0.0,0.0,0.2857142857142857,0.0,1.0,0.48821660469626255,-0.02469234859685831,2.7,0.3
3,3,0.5,0,UBC,10,0.8,0.8,1.0,1.0,1.0,0.0,0.4446079706117511,-1.0408340855860843e-16,2.8,0.2
3,3,0.5,0,current_only,10,0.8,0.0,0.0,1.0,0.0,1.0,0.19496838521265059,-0.5462433942017646,2.8,0.2
3,3,0.5,0,gradient_line,10,0.8,0.6,0.75,0.875,1.0,0.0,1.185,-0.3411451870003487,2.8,0.2
3,3,0.5,0,least_squares,10,0.8,0.7,0.875,0.875,0.0,0.125,0.9347766979182679,-0.002512277826037643,2.8,0.2
3,3,0.5,0,one_axis_current,10,0.8,0.0,0.0,1.0,0.0,1.0,0.21390633308909704,-0.5823213505461552,2.8,0.2
3,3,0.5,0,oracle_anchor,10,0.8,0.8,1.0,1.0,1.0,0.0,0.7805459392547045,0.08435595189666267,2.8,0.2
3,3,0.5,0,random_search,10,0.8,0.8,1.0,1.0,1.0,0.0,1.1586539005602434,0.2555289530640479,2.8,0.2
3,3,0.5,0,soft_penalty,10,0.8,0.0,0.0,0.625,0.0,1.0,0.4213335028905083,-0.024379476098163953,2.8,0.2
3,3,0.5,1,UBC,10,0.8,0.8,1.0,1.0,1.0,0.0,0.48369001252829713,-3.8163916471489756e-17,2.8,0.2
3,3,0.5,1,current_only,10,0.8,0.1,0.125,1.0,0.0,0.875,0.2521812076019235,-0.2684615369621872,2.8,0.2
3,3,0.5,1,gradient_line,10,0.8,0.6,0.75,1.0,1.0,0.0,1.3725,-0.2897233587031647,2.8,0.2
3,3,0.5,1,least_squares,10,0.8,0.7,0.875,0.875,0.0,0.125,0.8099360561736993,-0.02778527746606341,2.8,0.2
3,3,0.5,1,one_axis_current,10,0.8,0.1,0.125,1.0,0.0,0.875,0.2869578504665095,-0.26020237039367455,2.8,0.2
3,3,0.5,1,oracle_anchor,10,0.8,0.8,1.0,1.0,1.0,0.0,0.7956513980025974,0.08043951893682616,2.8,0.2
3,3,0.5,1,random_search,10,0.8,0.8,1.0,1.0,1.0,0.0,1.039909547782586,0.21271407108504226,2.8,0.2
3,3,0.5,1,soft_penalty,10,0.8,0.0,0.0,0.375,0.0,1.0,0.4408608431837139,-0.02525544991964816,2.8,0.2
3,3,0.5,2,UBC,10,0.7,0.7,1.0,1.0,1.0,0.0,0.5343187110152325,1.586032892321652e-17,2.7,0.3
3,3,0.5,2,current_only,10,0.7,0.2,0.2857142857142857,1.0,0.0,0.7142857142857143,0.38611082887345516,-0.3112901562267802,2.7,0.3
3,3,0.5,2,gradient_line,10,0.7,0.6,0.8571428571428571,0.8571428571428571,1.0,0.0,1.0799999999999998,-0.5008072984077392,2.7,0.3
3,3,0.5,2,least_squares,10,0.7,0.6,0.8571428571428571,0.8571428571428571,0.0,0.14285714285714285,1.2563094207756011,-0.04103461160455756,2.7,0.3
3,3,0.5,2,one_axis_current,10,0.7,0.2,0.2857142857142857,1.0,0.0,0.7142857142857143,0.4999020322763256,-0.25807747339629794,2.7,0.3
3,3,0.5,2,oracle_anchor,10,0.7,0.7,1.0,1.0,1.0,0.0,0.7085290113988698,0.08766464882471361,2.7,0.3
3,3,0.5,2,random_search,10,0.7,0.7,1.0,1.0,1.0,0.0,0.8994133870893358,0.0846147687849996,2.7,0.3
3,3,0.5,2,soft_penalty,10,0.7,0.0,0.0,0.2857142857142857,0.0,1.0,0.46733981275764025,-0.03296269978154514,2.7,0.3
3,3,0.5,3,UBC,10,0.6,0.6,1.0,1.0,1.0,0.0,0.47820958657859886,-2.0816681711721685e-17,2.6,0.4
3,3,0.5,3,current_only,10,0.6,0.1,0.16666666666666666,1.0,0.0,0.8333333333333334,0.28961838394234435,-0.28480282112934474,2.6,0.4
3,3,0.5,3,gradient_line,10,0.6,0.5,0.8333333333333334,1.0,1.0,0.0,1.015,-0.3797111777833811,2.6,0.4
3,3,0.5,3,least_squares,10,0.6,0.4,0.6666666666666666,0.6666666666666666,0.0,0.3333333333333333,2.031407086686236,-0.035401006019957264,2.6,0.4
3,3,0.5,3,one_axis_current,10,0.6,0.1,0.16666666666666666,1.0,0.0,0.8333333333333334,0.3538000089352777,-0.36812298595813514,2.6,0.4
3,3,0.5,3,oracle_anchor,10,0.6,0.6,1.0,1.0,1.0,0.0,0.6848228277910678,0.08239514550685388,2.6,0.4
3,3,0.5,3,random_search,10,0.6,0.6,1.0,1.0,1.0,0.0,0.8296354897411086,0.12215333463521814,2.6,0.4
3,3,0.5,3,soft_penalty,10,0.6,0.0,0.0,0.3333333333333333,0.0,1.0,0.4294258822931915,-0.03020342561799577,2.6,0.4
3,3,0.5,4,UBC,10,0.5,0.5,1.0,1.0,1.0,0.0,0.6129926836895793,1.1102230246251566e-17,2.5,0.5
3,3,0.5,4,current_only,10,0.5,0.1,0.2,1.0,0.0,0.8,0.48768983455394793,-0.1647732293856521,2.5,0.5
3,3,0.5,4,gradient_line,10,0.5,0.4,0.8,0.8,1.0,0.0,1.1460000000000001,-0.5469624240098097,2.5,0.5
3,3,0.5,4,least_squares,10,0.5,0.3,0.6,0.6,0.0,0.4,1.7691494663627985,-0.05661100976127894,2.5,0.5
3,3,0.5,4,one_axis_current,10,0.5,0.1,0.2,1.0,0.0,0.8,0.6740005062146295,-0.1823405471144236,2.5,0.5
3,3,0.5,4,oracle_anchor,10,0.5,0.5,1.0,1.0,1.0,0.0,0.9155345605465499,0.0833070148596851,2.5,0.5
3,3,0.5,4,random_search,10,0.5,0.5,1.0,1.0,1.0,0.0,0.8952620649304034,0.08325774996520727,2.5,0.5
3,3,0.5,4,soft_penalty,10,0.5,0.0,0.0,0.2,0.0,1.0,0.46088065647847065,-0.047316040313889605,2.5,0.5
3,3,0.5,5,UBC,10,0.7,0.7,1.0,1.0,1.0,0.0,0.5329193380704262,-1.2688263138573217e-16,2.7,0.3
3,3,0.5,5,current_only,10,0.7,0.0,0.0,1.0,0.0,1.0,0.33676024661330567,-0.34581328201286526,2.7,0.3
3,3,0.5,5,gradient_line,10,0.7,0.5,0.7142857142857143,1.0,1.0,0.0,1.26,-0.5883511238454943,2.7,0.3
3,3,0.5,5,least_squares,10,0.7,0.7,1.0,1.0,0.0,0.0,0.8036332363097001,5.352861011585576e-17,2.7,0.3
3,3,0.5,5,one_axis_current,10,0.7,0.0,0.0,1.0,0.0,1.0,0.40763250382920496,-0.320298787084353,2.7,0.3
3,3,0.5,5,oracle_anchor,10,0.7,0.7,1.0,1.0,1.0,0.0,0.8969527789685943,0.07027449709981079,2.7,0.3
3,3,0.5,5,random_search,10,0.7,0.7,1.0,1.0,1.0,0.0,1.0279405861804984,0.11877139515440745,2.7,0.3
3,3,0.5,5,soft_penalty,10,0.7,0.0,0.0,0.2857142857142857,0.0,1.0,0.4570448343120194,-0.0383732890565262,2.7,0.3
3,12,0.0,0,UBC,10,0.8,0.8,1.0,1.0,1.0,0.0,0.6042367444092517,-3.365363543395006e-16,3.0,0.0
3,12,0.0,0,current_only,10,0.8,0.0,0.0,1.0,0.0,1.0,0.17362829365169705,-0.9714950300882439,3.0,0.0
3,12,0.0,0,gradient_line,10,0.8,0.4,0.5,0.75,1.0,0.0,2.05875,-0.3537022959685924,3.0,0.0
3,12,0.0,0,least_squares,10,0.8,0.0,0.0,0.875,0.0,1.0,0.5098941771599884,-0.1214659615770515,3.0,0.0
3,12,0.0,0,one_axis_current,10,0.8,0.0,0.0,1.0,0.0,1.0,0.2033385813897517,-1.0729620340719745,3.0,0.0
3,12,0.0,0,oracle_anchor,10,0.8,0.8,1.0,1.0,1.0,0.0,0.737633504337238,0.051480559637630784,3.0,0.0
3,12,0.0,0,random_search,10,0.8,0.8,1.0,1.0,1.0,0.0,1.8463484972836182,0.19150686231407477,3.0,0.0
3,12,0.0,0,soft_penalty,10,0.8,0.1,0.125,0.75,0.0,0.875,0.9999245394177936,-0.8276818580897297,3.0,0.0
3,12,0.0,1,UBC,10,0.8,0.8,1.0,1.0,1.0,0.0,0.5763996249979676,-1.0061396160665481e-16,3.0,0.0
3,12,0.0,1,current_only,10,0.8,0.0,0.0,1.0,0.0,1.0,0.2510296777462477,-0.7523876484997623,3.0,0.0
3,12,0.0,1,gradient_line,10,0.8,0.5,0.625,0.875,1.0,0.0,1.76625,-0.5034404110348855,3.0,0.0
3,12,0.0,1,least_squares,10,0.8,0.0,0.0,0.625,0.0,1.0,0.46886970139796924,-0.15175875732944843,3.0,0.0
3,12,0.0,1,one_axis_current,10,0.8,0.0,0.0,1.0,0.0,1.0,0.3123132650361355,-0.8270787746469475,3.0,0.0
3,12,0.0,1,oracle_anchor,10,0.8,0.8,1.0,1.0,1.0,0.0,0.7389427705737542,0.05078913670049236,3.0,0.0
3,12,0.0,1,random_search,10,0.8,0.8,1.0,1.0,1.0,0.0,1.527422795145517,0.14843104117347872,3.0,0.0
3,12,0.0,1,soft_penalty,10,0.8,0.0,0.0,0.875,0.0,1.0,0.8415818070439939,-0.6588322241911407,3.0,0.0
3,12,0.0,2,UBC,10,0.9,0.9,1.0,1.0,1.0,0.0,0.6981481257330144,-3.484866716184519e-16,3.0,0.0
3,12,0.0,2,current_only,10,0.9,0.0,0.0,1.0,0.0,1.0,0.29663906802228346,-1.1105402739245511,3.0,0.0
3,12,0.0,2,gradient_line,10,0.9,0.4,0.4444444444444444,1.0,1.0,0.0,2.123333333333333,-0.5937414522312552,3.0,0.0
3,12,0.0,2,least_squares,10,0.9,0.0,0.0,0.4444444444444444,0.0,1.0,0.5905063596074593,-0.14532106123005623,3.0,0.0
3,12,0.0,2,one_axis_current,10,0.9,0.0,0.0,1.0,0.0,1.0,0.35964342626452195,-1.11814873245205,3.0,0.0
3,12,0.0,2,oracle_anchor,10,0.9,0.9,1.0,1.0,1.0,0.0,0.8683878234843941,0.0511447200457164,3.0,0.0
3,12,0.0,2,random_search,10,0.9,0.9,1.0,1.0,1.0,0.0,1.6090298337307682,0.10727591797596846,3.0,0.0
3,12,0.0,2,soft_penalty,10,0.9,0.0,0.0,0.6666666666666666,0.0,1.0,0.6750614631190885,-0.028493697229158826,3.0,0.0
3,12,0.0,3,UBC,10,0.8,0.8,1.0,1.0,1.0,0.0,0.7101905142707392,-4.822531263215524e-16,3.0,0.0
3,12,0.0,3,current_only,10,0.8,0.0,0.0,1.0,0.0,1.0,0.28946050745986274,-0.9012870211660075,3.0,0.0
3,12,0.0,3,gradient_line,10,0.8,0.4,0.5,1.0,1.0,0.0,1.98375,-0.24808469575472802,3.0,0.0
3,12,0.0,3,least_squares,10,0.8,0.0,0.0,0.375,0.0,1.0,0.5543067953239275,-0.19202132520715276,3.0,0.0
3,12,0.0,3,one_axis_current,10,0.8,0.0,0.0,1.0,0.0,1.0,0.3856527020632303,-1.14820370892721,3.0,0.0
3,12,0.0,3,oracle_anchor,10,0.8,0.8,1.0,1.0,1.0,0.0,0.8688711514746222,0.056877258103218274,3.0,0.0
3,12,0.0,3,random_search,10,0.8,0.8,1.0,1.0,1.0,0.0,1.6271676352129782,0.12450075446799595,3.0,0.0
3,12,0.0,3,soft_penalty,10,0.8,0.0,0.0,0.625,0.0,1.0,0.7499435263031252,-0.024251841352946047,3.0,0.0
3,12,0.0,4,UBC,10,1.0,1.0,1.0,1.0,0.0,0.0,0.5910660182372798,-2.3592239273284576e-16,3.0,0.0
3,12,0.0,4,current_only,10,1.0,0.0,0.0,1.0,0.0,1.0,0.2820476885067586,-0.7845386391098386,3.0,0.0
3,12,0.0,4,gradient_line,10,1.0,0.4,0.4,1.0,0.0,0.0,2.346,-0.5302882355552921,3.0,0.0
3,12,0.0,4,least_squares,10,1.0,0.0,0.0,0.7,0.0,1.0,0.49943958787532905,-0.16933113669737007,3.0,0.0
3,12,0.0,4,one_axis_current,10,1.0,0.0,0.0,1.0,0.0,1.0,0.3559107393400849,-0.7562912108731809,3.0,0.0
3,12,0.0,4,oracle_anchor,10,1.0,1.0,1.0,1.0,0.0,0.0,0.7532980294232233,0.05091188669303563,3.0,0.0
3,12,0.0,4,random_search,10,1.0,1.0,1.0,1.0,0.0,0.0,1.3953667102255778,0.14145528944569286,3.0,0.0
3,12,0.0,4,soft_penalty,10,1.0,0.0,0.0,1.0,0.0,1.0,0.5740253644101259,-0.022978407631077752,3.0,0.0
3,12,0.0,5,UBC,10,0.8,0.8,1.0,1.0,1.0,0.0,0.696690612208168,-8.326672684688674e-17,3.0,0.0
3,12,0.0,5,current_only,10,0.8,0.0,0.0,1.0,0.0,1.0,0.3155967677845286,-0.9718693666381237,3.0,0.0
3,12,0.0,5,gradient_line,10,0.8,0.6,0.75,0.875,1.0,0.0,1.6987500000000002,-0.13129413418663516,3.0,0.0
3,12,0.0,5,least_squares,10,0.8,0.0,0.0,0.75,0.0,1.0,0.5991466931993299,-0.1671904610391636,3.0,0.0
3,12,0.0,5,one_axis_current,10,0.8,0.0,0.0,1.0,0.0,1.0,0.37589065333988814,-0.9705775024345461,3.0,0.0
3,12,0.0,5,oracle_anchor,10,0.8,0.8,1.0,1.0,1.0,0.0,0.8450193045675789,0.073790650210559,3.0,0.0
3,12,0.0,5,random_search,10,0.8,0.7,0.875,0.875,1.0,0.0,1.3062027777513234,-0.15163780586097864,3.0,0.0
3,12,0.0,5,soft_penalty,10,0.8,0.1,0.125,1.0,0.0,0.875,0.6972116821920126,-0.020192254175364424,3.0,0.0
3,12,0.5,0,UBC,10,0.9,0.9,1.0,1.0,1.0,0.0,0.5891639860398479,-1.881211236170404e-16,3.0,0.0
3,12,0.5,0,current_only,10,0.9,0.0,0.0,1.0,0.0,1.0,0.2386670891339279,-0.7980850979749664,3.0,0.0
3,12,0.5,0,gradient_line,10,0.9,0.6,0.6666666666666666,0.8888888888888888,1.0,0.0,1.5166666666666666,-0.2887037846231232,3.0,0.0
3,12,0.5,0,least_squares,10,0.9,0.0,0.0,0.5555555555555556,0.0,1.0,0.5072343260515311,-0.09977918814719654,3.0,0.0
3,12,0.5,0,one_axis_current,10,0.9,0.0,0.0,1.0,0.0,1.0,0.2958208997295948,-0.8477345511946122,3.0,0.0
3,12,0.5,0,oracle_anchor,10,0.9,0.9,1.0,1.0,1.0,0.0,0.7439835587879123,0.04888521173092512,3.0,0.0
3,12,0.5,0,random_search,10,0.9,0.9,1.0,1.0,1.0,0.0,1.6614034153891202,0.152555417007372,3.0,0.0
3,12,0.5,0,soft_penalty,10,0.9,0.0,0.0,0.6666666666666666,0.0,1.0,0.5608913319538087,-0.021006975169587397,3.0,0.0
3,12,0.5,1,UBC,10,0.8,0.8,1.0,1.0,1.0,0.0,0.6172306545733763,-9.71445146547012e-17,3.0,0.0
3,12,0.5,1,current_only,10,0.8,0.0,0.0,1.0,0.0,1.0,0.24872191750071226,-0.350957560048975,3.0,0.0
3,12,0.5,1,gradient_line,10,0.8,0.5,0.625,1.0,1.0,0.0,1.6237499999999998,-0.19508184946680035,3.0,0.0
3,12,0.5,1,least_squares,10,0.8,0.0,0.0,0.875,0.0,1.0,0.5669423827785166,-0.09433688206210636,3.0,0.0
3,12,0.5,1,one_axis_current,10,0.8,0.0,0.0,1.0,0.0,1.0,0.31093470346054436,-0.5393892541596648,3.0,0.0
3,12,0.5,1,oracle_anchor,10,0.8,0.8,1.0,1.0,1.0,0.0,0.7957631741388185,0.04236673748382881,3.0,0.0
3,12,0.5,1,random_search,10,0.8,0.8,1.0,1.0,1.0,0.0,1.2569709171047827,0.2118142312855158,3.0,0.0
3,12,0.5,1,soft_penalty,10,0.8,0.0,0.0,1.0,0.0,1.0,0.5089850083545926,-0.03768815050664699,3.0,0.0
3,12,0.5,2,UBC,10,0.7,0.7,1.0,1.0,1.0,0.0,0.4520854205633151,-1.427429603089487e-16,3.0,0.0
3,12,0.5,2,current_only,10,0.7,0.0,0.0,1.0,0.0,1.0,0.22143214682277906,-0.4418018348635795,3.0,0.0
3,12,0.5,2,gradient_line,10,0.7,0.5,0.7142857142857143,1.0,1.0,0.0,1.5985714285714285,-0.24425963956269084,3.0,0.0
3,12,0.5,2,least_squares,10,0.7,0.0,0.0,0.5714285714285714,0.0,1.0,0.4134216796245382,-0.07161086816543258,3.0,0.0
3,12,0.5,2,one_axis_current,10,0.7,0.0,0.0,1.0,0.0,1.0,0.24213314666421645,-0.42632174387621546,3.0,0.0
3,12,0.5,2,oracle_anchor,10,0.7,0.7,1.0,1.0,1.0,0.0,0.5857332201631008,0.03527906466043452,3.0,0.0
3,12,0.5,2,random_search,10,0.7,0.7,1.0,1.0,1.0,0.0,1.292770064159283,0.1621394359156285,3.0,0.0
3,12,0.5,2,soft_penalty,10,0.7,0.0,0.0,0.7142857142857143,0.0,1.0,0.42107516774374326,-0.023864004577487306,3.0,0.0
3,12,0.5,3,UBC,10,0.8,0.8,1.0,1.0,1.0,0.0,0.705000700288172,-2.0816681711721685e-16,3.0,0.0
3,12,0.5,3,current_only,10,0.8,0.0,0.0,1.0,0.0,1.0,0.3250643153398872,-0.7272732287568193,3.0,0.0
3,12,0.5,3,gradient_line,10,0.8,0.6,0.75,1.0,1.0,0.0,1.30125,-0.1583634477126992,3.0,0.0
3,12,0.5,3,least_squares,10,0.8,0.0,0.0,0.625,0.0,1.0,0.8895705311802223,-0.15924627636878272,3.0,0.0
3,12,0.5,3,one_axis_current,10,0.8,0.0,0.0,1.0,0.0,1.0,0.3962782159752795,-0.8818711078044822,3.0,0.0
3,12,0.5,3,oracle_anchor,10,0.8,0.8,1.0,1.0,1.0,0.0,0.8688711514746222,0.051309062045646926,3.0,0.0
3,12,0.5,3,random_search,10,0.8,0.8,1.0,1.0,1.0,0.0,1.4027321063565186,0.06808822371281653,3.0,0.0
3,12,0.5,3,soft_penalty,10,0.8,0.0,0.0,0.875,0.0,1.0,0.6555383891537134,-0.030063880832319142,3.0,0.0
3,12,0.5,4,UBC,10,0.9,0.9,1.0,1.0,1.0,0.0,0.6073146243069096,-7.093091546216277e-17,3.0,0.0
3,12,0.5,4,current_only,10,0.9,0.0,0.0,1.0,0.0,1.0,0.3261772811643109,-0.5160838225330523,3.0,0.0
3,12,0.5,4,gradient_line,10,0.9,0.6,0.6666666666666666,1.0,1.0,0.0,1.8966666666666667,-0.3135875072990695,3.0,0.0
3,12,0.5,4,least_squares,10,0.9,0.0,0.0,0.7777777777777778,0.0,1.0,0.7060850532411749,-0.1353292055841257,3.0,0.0
3,12,0.5,4,one_axis_current,10,0.9,0.0,0.0,1.0,0.0,1.0,0.3847980376155231,-0.542359753327527,3.0,0.0
3,12,0.5,4,oracle_anchor,10,0.9,0.9,1.0,1.0,1.0,0.0,0.7483658856804989,0.040488795818843876,3.0,0.0
3,12,0.5,4,random_search,10,0.9,0.8,0.8888888888888888,0.8888888888888888,1.0,0.0,1.1262887273754516,-0.006458950680780395,3.0,0.0
3,12,0.5,4,soft_penalty,10,0.9,0.0,0.0,0.8888888888888888,0.0,1.0,0.830488017580786,-0.43451479251836217,3.0,0.0
3,12,0.5,5,UBC,10,0.6,0.6,1.0,1.0,1.0,0.0,0.5609756606982462,-1.6653345369377348e-16,3.0,0.0
3,12,0.5,5,current_only,10,0.6,0.0,0.0,1.0,0.0,1.0,0.17213107024139998,-0.39439480515190045,3.0,0.0
3,12,0.5,5,gradient_line,10,0.6,0.5,0.8333333333333334,1.0,1.0,0.0,1.0350000000000001,-0.20548617219915385,3.0,0.0
3,12,0.5,5,least_squares,10,0.6,0.0,0.0,1.0,0.0,1.0,0.6434250731001439,-0.06177780413100248,3.0,0.0
3,12,0.5,5,one_axis_current,10,0.6,0.0,0.0,1.0,0.0,1.0,0.1897489824724313,-0.3936392258336168,3.0,0.0
3,12,0.5,5,oracle_anchor,10,0.6,0.6,1.0,1.0,1.0,0.0,0.727604620153904,0.04198364787775855,3.0,0.0
3,12,0.5,5,random_search,10,0.6,0.6,1.0,1.0,1.0,0.0,1.2370552279576705,0.09526080471714105,3.0,0.0
3,12,0.5,5,soft_penalty,10,0.6,0.0,0.0,1.0,0.0,1.0,0.48791759641757154,-0.029705234947938402,3.0,0.0
3,24,0.0,0,UBC,10,0.8,0.8,1.0,1.0,1.0,0.0,0.5983824759557053,-1.942890293094024e-16,3.0,0.0
3,24,0.0,0,current_only,10,0.8,0.0,0.0,1.0,0.0,1.0,0.18304262328999873,-1.009583450697002,3.0,0.0
3,24,0.0,0,gradient_line,10,0.8,0.1,0.125,0.875,1.0,0.0,2.6775,-0.8520202102878158,3.0,0.0
3,24,0.0,0,least_squares,10,0.8,0.0,0.0,0.375,0.0,1.0,0.4688570992861105,-0.1899426649260617,3.0,0.0
3,24,0.0,0,one_axis_current,10,0.8,0.0,0.0,1.0,0.0,1.0,0.24552764170960947,-1.1339729209138976,3.0,0.0
3,24,0.0,0,oracle_anchor,10,0.8,0.8,1.0,1.0,1.0,0.0,0.7105960081937354,0.03922397099525003,3.0,0.0
3,24,0.0,0,random_search,10,0.8,0.7,0.875,0.875,1.0,0.0,1.767346398427144,0.003403172275900118,3.0,0.0
3,24,0.0,0,soft_penalty,10,0.8,0.1,0.125,0.75,0.0,0.875,1.9485233103591593,-3.0358952416805893,3.0,0.0
3,24,0.0,1,UBC,10,1.0,1.0,1.0,1.0,0.0,0.0,0.6694663988931043,-1.8041124150158794e-16,3.0,0.0
3,24,0.0,1,current_only,10,1.0,0.0,0.0,1.0,0.0,1.0,0.2444816585209378,-1.0716587303509013,3.0,0.0
3,24,0.0,1,gradient_line,10,1.0,0.6,0.6,1.0,0.0,0.0,2.157,-0.3894305597947151,3.0,0.0
3,24,0.0,1,least_squares,10,1.0,0.0,0.0,0.7,0.0,1.0,0.5314730919857683,-0.20521749812818638,3.0,0.0
3,24,0.0,1,one_axis_current,10,1.0,0.0,0.0,1.0,0.0,1.0,0.29714975540515554,-1.027488328237936,3.0,0.0
3,24,0.0,1,oracle_anchor,10,1.0,1.0,1.0,1.0,0.0,0.0,0.7926088343383757,0.044190489863633796,3.0,0.0
3,24,0.0,1,random_search,10,1.0,0.9,0.9,0.9,0.0,0.0,1.5081748441264335,-0.10113185600103633,3.0,0.0
3,24,0.0,1,soft_penalty,10,1.0,0.2,0.2,0.7,0.0,0.8,1.4196285337136532,-1.813033589246897,3.0,0.0
3,24,0.0,2,UBC,10,0.8,0.8,1.0,1.0,1.0,0.0,0.5680424904552898,-3.0531133177191805e-16,3.0,0.0
3,24,0.0,2,current_only,10,0.8,0.0,0.0,1.0,0.0,1.0,0.22220233041751652,-0.785519403852557,3.0,0.0
3,24,0.0,2,gradient_line,10,0.8,0.5,0.625,0.875,1.0,0.0,1.81125,-0.46676334898683813,3.0,0.0
3,24,0.0,2,least_squares,10,0.8,0.0,0.0,0.5,0.0,1.0,0.44312083359079246,-0.1681626247412194,3.0,0.0
3,24,0.0,2,one_axis_current,10,0.8,0.0,0.0,1.0,0.0,1.0,0.2818128543925376,-0.8560458218987121,3.0,0.0
3,24,0.0,2,oracle_anchor,10,0.8,0.8,1.0,1.0,1.0,0.0,0.6786228504700914,0.039691975668558525,3.0,0.0
3,24,0.0,2,random_search,10,0.8,0.7,0.875,0.875,1.0,0.0,1.4638965902233858,-0.11844464124413755,3.0,0.0
3,24,0.0,2,soft_penalty,10,0.8,0.0,0.0,0.875,0.0,1.0,1.1447034079795246,-1.1819365254024232,3.0,0.0
3,24,0.0,3,UBC,10,0.7,0.7,1.0,1.0,1.0,0.0,0.5552050615002323,-1.149873846933198e-16,3.0,0.0
3,24,0.0,3,current_only,10,0.7,0.0,0.0,1.0,0.0,1.0,0.19619837453034197,-0.8962562595356903,3.0,0.0
3,24,0.0,3,gradient_line,10,0.7,0.4,0.5714285714285714,0.7142857142857143,1.0,0.0,1.9157142857142857,-0.1025679572039745,3.0,0.0
3,24,0.0,3,least_squares,10,0.7,0.0,0.0,0.14285714285714285,0.0,1.0,0.43614339523009255,-0.1603825916060925,3.0,0.0
3,24,0.0,3,one_axis_current,10,0.7,0.0,0.0,1.0,0.0,1.0,0.22877608251459408,-0.9390650280866085,3.0,0.0
3,24,0.0,3,oracle_anchor,10,0.7,0.7,1.0,1.0,1.0,0.0,0.6653893734581002,0.04529786921373936,3.0,0.0
3,24,0.0,3,random_search,10,0.7,0.7,1.0,1.0,1.0,0.0,1.7398304516398078,0.15438320882806525,3.0,0.0
3,24,0.0,3,soft_penalty,10,0.7,0.0,0.0,0.5714285714285714,0.0,1.0,1.2422234936354037,-1.3330155137400796,3.0,0.0
3,24,0.0,4,UBC,10,0.8,0.8,1.0,1.0,1.0,0.0,0.6632311264471465,-4.683753385137379e-16,3.0,0.0
3,24,0.0,4,current_only,10,0.8,0.0,0.0,1.0,0.0,1.0,0.3434440566492247,-0.8712403381135809,3.0,0.0
3,24,0.0,4,gradient_line,10,0.8,0.7,0.875,1.0,1.0,0.0,1.4625,-0.0014155396398461955,3.0,0.0
3,24,0.0,4,least_squares,10,0.8,0.0,0.0,0.625,0.0,1.0,0.5207887211124108,-0.18443782004120027,3.0,0.0
3,24,0.0,4,one_axis_current,10,0.8,0.0,0.0,1.0,0.0,1.0,0.43538518275858784,-1.0775173885554044,3.0,0.0
3,24,0.0,4,oracle_anchor,10,0.8,0.8,1.0,1.0,1.0,0.0,0.7994111841638152,0.047440214232157406,3.0,0.0
3,24,0.0,4,random_search,10,0.8,0.8,1.0,1.0,1.0,0.0,2.02016509370151,0.12967508292294166,3.0,0.0
3,24,0.0,4,soft_penalty,10,0.8,0.1,0.125,1.0,0.0,0.875,1.2098453315711777,-0.7425346081335389,3.0,0.0
3,24,0.0,5,UBC,10,0.8,0.8,1.0,1.0,1.0,0.0,0.5756412583583954,-9.71445146547012e-17,3.0,0.0
3,24,0.0,5,current_only,10,0.8,0.0,0.0,1.0,0.0,1.0,0.25411369244363075,-0.9030433923324921,3.0,0.0
3,24,0.0,5,gradient_line,10,0.8,0.5,0.625,1.0,1.0,0.0,1.80375,-0.05886432546217284,3.0,0.0
3,24,0.0,5,least_squares,10,0.8,0.0,0.0,0.375,0.0,1.0,0.45726746694154585,-0.1750615335664767,3.0,0.0
3,24,0.0,5,one_axis_current,10,0.8,0.0,0.0,1.0,0.0,1.0,0.3224703912602489,-0.8079955795561098,3.0,0.0
3,24,0.0,5,oracle_anchor,10,0.8,0.8,1.0,1.0,1.0,0.0,0.6913590153342655,0.04168161822836197,3.0,0.0
3,24,0.0,5,random_search,10,0.8,0.8,1.0,1.0,1.0,0.0,1.734514876963192,0.18088928672556331,3.0,0.0
3,24,0.0,5,soft_penalty,10,0.8,0.1,0.125,0.75,0.0,0.875,1.1533275334207402,-0.7547100610315309,3.0,0.0
3,24,0.5,0,UBC,10,0.8,0.8,1.0,1.0,1.0,0.0,0.6532356459875225,-2.498001805406602e-16,3.0,0.0
3,24,0.5,0,current_only,10,0.8,0.0,0.0,1.0,0.0,1.0,0.15695597358516783,-1.1979412167690668,3.0,0.0
3,24,0.5,0,gradient_line,10,0.8,0.3,0.375,1.0,1.0,0.0,2.3625000000000003,-0.361329371962,3.0,0.0
3,24,0.5,0,least_squares,10,0.8,0.0,0.0,0.25,0.0,1.0,0.8453919605491652,-0.17971776342943394,3.0,0.0
3,24,0.5,0,one_axis_current,10,0.8,0.0,0.0,1.0,0.0,1.0,0.1934138859069349,-1.2664572023957934,3.0,0.0
3,24,0.5,0,oracle_anchor,10,0.8,0.8,1.0,1.0,1.0,0.0,0.7711537972973956,0.043606839477353866,3.0,0.0
3,24,0.5,0,random_search,10,0.8,0.6,0.75,0.75,1.0,0.0,1.0127100599830656,-0.3410488515815785,3.0,0.0
3,24,0.5,0,soft_penalty,10,0.8,0.0,0.0,0.875,0.0,1.0,1.4745545777148812,-2.3177900464829837,3.0,0.0
3,24,0.5,1,UBC,10,1.0,1.0,1.0,1.0,0.0,0.0,0.6888678574657952,-1.554312234475219e-16,3.0,0.0
3,24,0.5,1,current_only,10,1.0,0.0,0.0,1.0,0.0,1.0,0.37061675789613074,-0.7274103724943399,3.0,0.0
3,24,0.5,1,gradient_line,10,1.0,0.8,0.8,0.9,0.0,0.0,1.2990000000000002,-0.05711938799274911,3.0,0.0
3,24,0.5,1,least_squares,10,1.0,0.0,0.0,0.7,0.0,1.0,0.9146472249015579,-0.1627150580123492,3.0,0.0
3,24,0.5,1,one_axis_current,10,1.0,0.0,0.0,1.0,0.0,1.0,0.39995832822348254,-0.7194509837928524,3.0,0.0
3,24,0.5,1,oracle_anchor,10,1.0,1.0,1.0,1.0,0.0,0.0,0.8499186575410033,0.04353980406915231,3.0,0.0
3,24,0.5,1,random_search,10,1.0,1.0,1.0,1.0,0.0,0.0,1.4296395877537678,0.08434358453026479,3.0,0.0
3,24,0.5,1,soft_penalty,10,1.0,0.0,0.0,0.8,0.0,1.0,0.6321442080734693,-0.025316924319046103,3.0,0.0
3,24,0.5,2,UBC,10,0.8,0.8,1.0,1.0,1.0,0.0,0.6020637508644081,-1.942890293094024e-16,3.0,0.0
3,24,0.5,2,current_only,10,0.8,0.0,0.0,1.0,0.0,1.0,0.30190065093779306,-0.4569468749516634,3.0,0.0
3,24,0.5,2,gradient_line,10,0.8,0.7,0.875,0.875,1.0,0.0,1.26375,-0.09990598939533386,3.0,0.0
3,24,0.5,2,least_squares,10,0.8,0.0,0.0,0.75,0.0,1.0,0.5576124430107539,-0.12530461803289505,3.0,0.0
3,24,0.5,2,one_axis_current,10,0.8,0.0,0.0,1.0,0.0,1.0,0.35273781486046185,-0.5995456438064719,3.0,0.0
3,24,0.5,2,oracle_anchor,10,0.8,0.8,1.0,1.0,1.0,0.0,0.758315800291793,0.03958729004069558,3.0,0.0
3,24,0.5,2,random_search,10,0.8,0.7,0.875,0.875,1.0,0.0,1.1069323255729722,-0.21174194255382675,3.0,0.0
3,24,0.5,2,soft_penalty,10,0.8,0.0,0.0,1.0,0.0,1.0,0.9573774136252988,-0.5015139057093959,3.0,0.0
3,24,0.5,3,UBC,10,0.8,0.8,1.0,1.0,1.0,0.0,0.6053549131002126,-1.9081958235744878e-16,3.0,0.0
3,24,0.5,3,current_only,10,0.8,0.0,0.0,1.0,0.0,1.0,0.2906773157674035,-0.6111083915005355,3.0,0.0
3,24,0.5,3,gradient_line,10,0.8,0.4,0.5,1.0,1.0,0.0,2.0025,-0.41572033342775827,3.0,0.0
3,24,0.5,3,least_squares,10,0.8,0.0,0.0,0.375,0.0,1.0,0.4672815742396942,-0.1528304610670602,3.0,0.0
3,24,0.5,3,one_axis_current,10,0.8,0.0,0.0,1.0,0.0,1.0,0.3857079023447596,-0.912931592781,3.0,0.0
3,24,0.5,3,oracle_anchor,10,0.8,0.8,1.0,1.0,1.0,0.0,0.7212523466765681,0.041365743740227244,3.0,0.0
3,24,0.5,3,random_search,10,0.8,0.7,0.875,0.875,1.0,0.0,1.5481467050523925,-0.034172818074311995,3.0,0.0
3,24,0.5,3,soft_penalty,10,0.8,0.0,0.0,0.75,0.0,1.0,1.4702795212268511,-1.2724714125928265,3.0,0.0
3,24,0.5,4,UBC,10,0.7,0.7,1.0,1.0,1.0,0.0,0.625825179976566,-1.427429603089487e-16,3.0,0.0
3,24,0.5,4,current_only,10,0.7,0.0,0.0,1.0,0.0,1.0,0.29377096816718135,-0.6217308587394218,3.0,0.0
3,24,0.5,4,gradient_line,10,0.7,0.5,0.7142857142857143,1.0,1.0,0.0,2.1557142857142857,-0.128744328749753,3.0,0.0
3,24,0.5,4,least_squares,10,0.7,0.0,0.0,0.5714285714285714,0.0,1.0,0.5472156799686536,-0.1410534997329231,3.0,0.0
3,24,0.5,4,one_axis_current,10,0.7,0.0,0.0,1.0,0.0,1.0,0.3560358372921409,-0.5095849865704025,3.0,0.0
3,24,0.5,4,oracle_anchor,10,0.7,0.7,1.0,1.0,1.0,0.0,0.7907053597060497,0.044800312500730965,3.0,0.0
3,24,0.5,4,random_search,10,0.7,0.7,1.0,1.0,1.0,0.0,1.9357923845555816,0.19845892299690263,3.0,0.0
3,24,0.5,4,soft_penalty,10,0.7,0.1,0.14285714285714285,0.8571428571428571,0.0,0.8571428571428571,1.2365349267369008,-0.6994261360957442,3.0,0.0
3,24,0.5,5,UBC,10,0.6,0.6,1.0,1.0,1.0,0.0,0.7879861651862642,-1.7578531223231644e-16,3.0,0.0
3,24,0.5,5,current_only,10,0.6,0.0,0.0,1.0,0.0,1.0,0.42119176651588314,-1.145419853955936,3.0,0.0
3,24,0.5,5,gradient_line,10,0.6,0.4,0.6666666666666666,1.0,1.0,0.0,2.03,-0.5499713637459058,3.0,0.0
3,24,0.5,5,least_squares,10,0.6,0.0,0.0,0.5,0.0,1.0,0.6531072115240005,-0.255286514949505,3.0,0.0
3,24,0.5,5,one_axis_current,10,0.6,0.0,0.0,1.0,0.0,1.0,0.4809079958354019,-1.0687405530590728,3.0,0.0
3,24,0.5,5,oracle_anchor,10,0.6,0.6,1.0,1.0,1.0,0.0,0.9610817042224103,0.03847263577377027,3.0,0.0
3,24,0.5,5,random_search,10,0.6,0.5,0.8333333333333334,0.8333333333333334,1.0,0.0,1.4336075247002664,-0.1360761167429887,3.0,0.0
3,24,0.5,5,soft_penalty,10,0.6,0.0,0.0,0.6666666666666666,0.0,1.0,1.1625278640967258,-1.2322502515735552,3.0,0.0
5,3,0.0,0,UBC,10,0.8,0.8,1.0,1.0,1.0,0.0,0.2705854479514309,-7.112366251504909e-17,2.8,2.2
5,3,0.0,0,current_only,10,0.8,0.0,0.0,1.0,0.0,1.0,0.18258711567333313,-0.2794226735846797,2.8,2.2
5,3,0.0,0,gradient_line,10,0.8,0.6,0.75,1.0,1.0,0.0,1.08375,-0.2570733304041336,2.8,2.2
5,3,0.0,0,least_squares,10,0.8,0.8,1.0,1.0,0.0,0.0,0.2802671971631069,-1.960237527853792e-16,2.8,2.2
5,3,0.0,0,one_axis_current,10,0.8,0.0,0.0,1.0,0.0,1.0,0.22371202845300622,-0.3010713228356408,2.8,2.2
5,3,0.0,0,oracle_anchor,10,0.8,0.8,1.0,1.0,1.0,0.0,0.5993016079428979,0.09280866579665692,2.8,2.2
5,3,0.0,0,random_search,10,0.8,0.8,1.0,1.0,1.0,0.0,1.3520620499605007,0.4537380185401445,2.8,2.2
5,3,0.0,0,soft_penalty,10,0.8,0.3,0.375,0.5,0.0,0.625,0.2679206240960699,-0.0038091248966296114,2.8,2.2
5,3,0.0,1,UBC,10,1.0,1.0,1.0,1.0,0.0,0.0,0.3819885372554756,-1.582067810090848e-16,3.0,2.0
5,3,0.0,1,current_only,10,1.0,0.2,0.2,1.0,0.0,0.8,0.2750351550622984,-0.24821957698919178,3.0,2.0
5,3,0.0,1,gradient_line,10,1.0,0.8,0.8,0.9,0.0,0.0,1.008,-0.33597691412895286,3.0,2.0
5,3,0.0,1,least_squares,10,1.0,1.0,1.0,1.0,0.0,0.0,0.40508523168760646,-2.7200464103316337e-16,3.0,2.0
5,3,0.0,1,one_axis_current,10,1.0,0.2,0.2,1.0,0.0,0.8,0.3573144729584261,-0.28295813309158124,3.0,2.0
5,3,0.0,1,oracle_anchor,10,1.0,1.0,1.0,1.0,0.0,0.0,0.7898597037464766,0.09722081179783112,3.0,2.0
5,3,0.0,1,random_search,10,1.0,1.0,1.0,1.0,0.0,0.0,1.2665399207816292,0.31472441707615917,3.0,2.0
5,3,0.0,1,soft_penalty,10,1.0,0.0,0.0,0.2,0.0,1.0,0.3714342122398241,-0.01405402509555356,3.0,2.0
5,3,0.0,2,UBC,10,0.8,0.8,1.0,1.0,1.0,0.0,0.39877121402637905,-9.367506770274758e-17,2.8,2.2
5,3,0.0,2,current_only,10,0.8,0.0,0.0,1.0,0.0,1.0,0.19342161747057646,-0.8064460645878703,2.8,2.2
5,3,0.0,2,gradient_line,10,0.8,0.4,0.5,0.875,1.0,0.0,1.7325,-0.47943168278287235,2.8,2.2
5,3,0.0,2,least_squares,10,0.8,0.8,1.0,1.0,0.0,0.0,0.41985722746274273,-3.0531133177191805e-16,2.8,2.2
5,3,0.0,2,one_axis_current,10,0.8,0.1,0.125,1.0,0.0,0.875,0.26394375799208797,-0.7539051736276492,2.8,2.2
5,3,0.0,2,oracle_anchor,10,0.8,0.8,1.0,1.0,1.0,0.0,0.8341487079039566,0.11293810212942999,2.8,2.2
5,3,0.0,2,random_search,10,0.8,0.8,1.0,1.0,1.0,0.0,1.469675898108438,0.45285997016830337,2.8,2.2
5,3,0.0,2,soft_penalty,10,0.8,0.0,0.0,0.25,0.0,1.0,0.39460762919403314,-0.010627968230822678,2.8,2.2
5,3,0.0,3,UBC,10,0.7,0.7,1.0,1.0,1.0,0.0,0.45939045751207186,-3.9650822308041306e-17,2.7,2.3
5,3,0.0,3,current_only,10,0.7,0.0,0.0,1.0,0.0,1.0,0.1430633514250966,-0.7322407001457568,2.7,2.3
5,3,0.0,3,gradient_line,10,0.7,0.4,0.5714285714285714,0.7142857142857143,1.0,0.0,1.56,-0.3105488653150797,2.7,2.3
5,3,0.0,3,least_squares,10,0.7,0.7,1.0,1.0,0.0,0.0,0.4833189147238201,-1.308477136165363e-16,2.7,2.3
5,3,0.0,3,one_axis_current,10,0.7,0.0,0.0,1.0,0.0,1.0,0.19421176335166498,-0.795191887530503,2.7,2.3
5,3,0.0,3,oracle_anchor,10,0.7,0.7,1.0,1.0,1.0,0.0,0.9331683850712046,0.09811936273566632,2.7,2.3
5,3,0.0,3,random_search,10,0.7,0.7,1.0,1.0,1.0,0.0,1.6441862759653871,0.1583886894486562,2.7,2.3
5,3,0.0,3,soft_penalty,10,0.7,0.0,0.0,0.14285714285714285,0.0,1.0,0.45156774873406225,-0.015152670087975125,2.7,2.3
5,3,0.0,4,UBC,10,0.8,0.8,1.0,1.0,1.0,0.0,0.36205002910660866,-1.0408340855860843e-16,2.8,2.2
5,3,0.0,4,current_only,10,0.8,0.0,0.0,1.0,0.0,1.0,0.18148864358298689,-0.4046555591856849,2.8,2.2
5,3,0.0,4,gradient_line,10,0.8,0.7,0.875,0.875,1.0,0.0,0.81375,-0.4333534872094992,2.8,2.2
5,3,0.0,4,least_squares,10,0.8,0.8,1.0,1.0,0.0,0.0,0.4197340612546464,-2.0469737016526324e-16,2.8,2.2
5,3,0.0,4,one_axis_current,10,0.8,0.0,0.0,1.0,0.0,1.0,0.2240140436537017,-0.43960434983316066,2.8,2.2
5,3,0.0,4,oracle_anchor,10,0.8,0.8,1.0,1.0,1.0,0.0,0.7644469532930936,0.11257192685486912,2.8,2.2
5,3,0.0,4,random_search,10,0.8,0.8,1.0,1.0,1.0,0.0,1.4507627322222174,0.4256316134527238,2.8,2.2
5,3,0.0,4,soft_penalty,10,0.8,0.0,0.0,0.5,0.0,1.0,0.35255514419321266,-0.017162020278886667,2.8,2.2
5,3,0.0,5,UBC,10,0.8,0.8,1.0,1.0,1.0,0.0,0.43535835520946864,-3.122502256758253e-16,2.8,2.2
5,3,0.0,5,current_only,10,0.8,0.1,0.125,1.0,0.0,0.875,0.2262370371391348,-0.5852750502795284,2.8,2.2
5,3,0.0,5,gradient_line,10,0.8,0.6,0.75,1.0,1.0,0.0,1.19625,-0.3341611171932456,2.8,2.2
5,3,0.0,5,least_squares,10,0.8,0.8,1.0,1.0,0.0,0.0,0.4936436349406173,-2.8796409701215e-16,2.8,2.2
5,3,0.0,5,one_axis_current,10,0.8,0.0,0.0,1.0,0.0,1.0,0.2900660879887104,-0.5692528128121841,2.8,2.2
5,3,0.0,5,oracle_anchor,10,0.8,0.8,1.0,1.0,1.0,0.0,0.7532720849259406,0.11899153220083035,2.8,2.2
5,3,0.0,5,random_search,10,0.8,0.8,1.0,1.0,1.0,0.0,1.5135344488758624,0.3616020039156106,2.8,2.2
5,3,0.0,5,soft_penalty,10,0.8,0.1,0.125,0.375,0.0,0.875,0.4269560883653578,-0.017124778828598003,2.8,2.2
5,3,0.5,0,UBC,10,1.0,1.0,1.0,1.0,0.0,0.0,0.3310944322554983,-6.938893903907228e-17,3.0,2.0
5,3,0.5,0,current_only,10,1.0,0.1,0.1,1.0,0.0,0.9,0.19576777772850162,-0.31714107619396753,3.0,2.0
5,3,0.5,0,gradient_line,10,1.0,0.7,0.7,1.0,0.0,0.0,1.392,-0.11588042464669575,3.0,2.0
5,3,0.5,0,least_squares,10,1.0,1.0,1.0,1.0,0.0,0.0,0.44790035603468653,-1.9984014443252818e-16,3.0,2.0
5,3,0.5,0,one_axis_current,10,1.0,0.1,0.1,1.0,0.0,0.9,0.23492853135467856,-0.3322979309100762,3.0,2.0
5,3,0.5,0,oracle_anchor,10,1.0,1.0,1.0,1.0,0.0,0.0,0.6029355551916078,0.08192787929726145,3.0,2.0
5,3,0.5,0,random_search,10,1.0,1.0,1.0,1.0,0.0,0.0,1.3987505294944511,0.3611115056324897,3.0,2.0
5,3,0.5,0,soft_penalty,10,1.0,0.1,0.1,0.7,0.0,0.9,0.3181651605661543,-0.012837052361818688,3.0,2.0
5,3,0.5,1,UBC,10,1.0,1.0,1.0,1.0,0.0,0.0,0.38490868176014803,-1.554312234475219e-16,3.0,2.0
5,3,0.5,1,current_only,10,1.0,0.1,0.1,1.0,0.0,0.9,0.28004462571833744,-0.26592760033268403,3.0,2.0
5,3,0.5,1,gradient_line,10,1.0,0.7,0.7,0.9,0.0,0.0,1.254,-0.47614221056021144,3.0,2.0
5,3,0.5,1,least_squares,10,1.0,0.9,0.9,0.9,0.0,0.1,0.6281038611212074,-0.006774864614751111,3.0,2.0
5,3,0.5,1,one_axis_current,10,1.0,0.0,0.0,1.0,0.0,1.0,0.3461378689562496,-0.297389327170655,3.0,2.0
5,3,0.5,1,oracle_anchor,10,1.0,1.0,1.0,1.0,0.0,0.0,0.7898597037464766,0.09875284480319133,3.0,2.0
5,3,0.5,1,random_search,10,1.0,1.0,1.0,1.0,0.0,0.0,1.2995403731579818,0.3141497330233462,3.0,2.0
5,3,0.5,1,soft_penalty,10,1.0,0.0,0.0,0.1,0.0,1.0,0.3731134846864457,-0.01457417347713379,3.0,2.0
5,3,0.5,2,UBC,10,0.8,0.8,1.0,1.0,1.0,0.0,0.47080965723174073,-1.1622647289044608e-16,2.8,2.2
5,3,0.5,2,current_only,10,0.8,0.0,0.0,1.0,0.0,1.0,0.3270868525166779,-0.5329470860307985,2.8,2.2
5,3,0.5,2,gradient_line,10,0.8,0.7,0.875,0.875,1.0,0.0,0.89625,-0.16016714127835735,2.8,2.2
5,3,0.5,2,least_squares,10,0.8,0.8,1.0,1.0,0.0,0.0,0.6551573167204062,-8.326672684688674e-17,2.8,2.2
5,3,0.5,2,one_axis_current,10,0.8,0.1,0.125,1.0,0.0,0.875,0.3705163662391937,-0.6062462637888033,2.8,2.2
5,3,0.5,2,oracle_anchor,10,0.8,0.8,1.0,1.0,1.0,0.0,0.7926995300667666,0.11157665857033869,2.8,2.2
5,3,0.5,2,random_search,10,0.8,0.8,1.0,1.0,1.0,0.0,1.4673328541523003,0.35138279656955906,2.8,2.2
5,3,0.5,2,soft_penalty,10,0.8,0.0,0.0,0.375,0.0,1.0,0.461740081424556,-0.014088987746443384,2.8,2.2
5,3,0.5,3,UBC,10,0.6,0.6,1.0,1.0,1.0,0.0,0.42776278990267463,-6.938893903907228e-17,2.6,2.4
5,3,0.5,3,current_only,10,0.6,0.0,0.0,1.0,0.0,1.0,0.14863610803966323,-0.7667835325041712,2.6,2.4
5,3,0.5,3,gradient_line,10,0.6,0.5,0.8333333333333334,0.8333333333333334,1.0,0.0,0.9049999999999999,-0.11511346505181715,2.6,2.4
5,3,0.5,3,least_squares,10,0.6,0.6,1.0,1.0,0.0,0.0,0.4595302627893139,-1.249000902703301e-16,2.6,2.4
5,3,0.5,3,one_axis_current,10,0.6,0.0,0.0,1.0,0.0,1.0,0.18778328869158303,-0.8470375453141207,2.6,2.4
5,3,0.5,3,oracle_anchor,10,0.6,0.6,1.0,1.0,1.0,0.0,0.8269291602184121,0.11717556950295782,2.6,2.4
5,3,0.5,3,random_search,10,0.6,0.6,1.0,1.0,1.0,0.0,1.397358305812638,0.2366107477285578,2.6,2.4
5,3,0.5,3,soft_penalty,10,0.6,0.0,0.0,0.5,0.0,1.0,0.4190702554492767,-0.013164888472482816,2.6,2.4
5,3,0.5,4,UBC,10,0.8,0.8,1.0,1.0,1.0,0.0,0.35982307782876,-8.500145032286355e-17,2.8,2.2
5,3,0.5,4,current_only,10,0.8,0.0,0.0,1.0,0.0,1.0,0.1853154662465477,-0.3493003586994837,2.8,2.2
5,3,0.5,4,gradient_line,10,0.8,0.5,0.625,1.0,1.0,0.0,1.34625,-0.3826966548320032,2.8,2.2
5,3,0.5,4,least_squares,10,0.8,0.8,1.0,1.0,0.0,0.0,0.5155789851043437,-2.255140518769849e-16,2.8,2.2
5,3,0.5,4,one_axis_current,10,0.8,0.0,0.0,1.0,0.0,1.0,0.2455008740895812,-0.24771321890629605,2.8,2.2
5,3,0.5,4,oracle_anchor,10,0.8,0.8,1.0,1.0,1.0,0.0,0.8569764975935368,0.0673543769104729,2.8,2.2
5,3,0.5,4,random_search,10,0.8,0.8,1.0,1.0,1.0,0.0,1.370374193870778,0.43600479593925073,2.8,2.2
5,3,0.5,4,soft_penalty,10,0.8,0.0,0.0,0.5,0.0,1.0,0.3453259102270858,-0.014551664585668561,2.8,2.2
5,3,0.5,5,UBC,10,0.8,0.8,1.0,1.0,1.0,0.0,0.4141804694392819,-1.0755285551056204e-16,2.8,2.2
5,3,0.5,5,current_only,10,0.8,0.1,0.125,1.0,0.0,0.875,0.1825944948863442,-0.5939671654798084,2.8,2.2
5,3,0.5,5,gradient_line,10,0.8,0.6,0.75,1.0,1.0,0.0,1.15875,-0.390977095393582,2.8,2.2
5,3,0.5,5,least_squares,10,0.8,0.8,1.0,1.0,0.0,0.0,0.4717679870133362,-3.157196726277789e-16,2.8,2.2
5,3,0.5,5,one_axis_current,10,0.8,0.0,0.0,1.0,0.0,1.0,0.23553478450426202,-0.5799673188630442,2.8,2.2
5,3,0.5,5,oracle_anchor,10,0.8,0.8,1.0,1.0,1.0,0.0,0.7532720849259406,0.09601262546901228,2.8,2.2
5,3,0.5,5,random_search,10,0.8,0.8,1.0,1.0,1.0,0.0,1.5281028139007753,0.3838954372268694,2.8,2.2
5,3,0.5,5,soft_penalty,10,0.8,0.2,0.25,0.5,0.0,0.75,0.4053294194752542,-0.011294504584422178,2.8,2.2
5,12,0.0,0,UBC,10,0.8,0.8,1.0,1.0,1.0,0.0,0.5469669217554474,-2.220446049250313e-16,5.0,0.0
5,12,0.0,0,current_only,10,0.8,0.0,0.0,1.0,0.0,1.0,0.14687279246052026,-0.9201763514269983,5.0,0.0
5,12,0.0,0,gradient_line,10,0.8,0.4,0.5,1.0,1.0,0.0,2.13,-0.6456209517039678,5.0,0.0
5,12,0.0,0,least_squares,10,0.8,0.0,0.0,0.375,0.0,1.0,0.4680910962650413,-0.09323352422967465,5.0,0.0
5,12,0.0,0,one_axis_current,10,0.8,0.0,0.0,1.0,0.0,1.0,0.19740123298899193,-1.0317201127784408,5.0,0.0
5,12,0.0,0,oracle_anchor,10,0.8,0.8,1.0,1.0,1.0,0.0,0.7102054756403011,0.04561594748068133,5.0,0.0
5,12,0.0,0,random_search,10,0.8,0.6,0.75,0.75,1.0,0.0,1.7787704432306877,0.21667489188434882,5.0,0.0
5,12,0.0,0,soft_penalty,10,0.8,0.2,0.25,0.875,0.0,0.75,1.0412823596767424,0.03157008903017278,5.0,0.0
5,12,0.0,1,UBC,10,0.5,0.5,1.0,1.0,1.0,0.0,0.7813126110528698,-4.773959005888173e-16,5.0,0.0
5,12,0.0,1,current_only,10,0.5,0.0,0.0,1.0,0.0,1.0,0.26772000369590254,-1.2628063916400927,5.0,0.0
5,12,0.0,1,gradient_line,10,0.5,0.0,0.0,1.0,1.0,0.0,3.0,-1.3404868638562264,5.0,0.0
5,12,0.0,1,least_squares,10,0.5,0.0,0.0,1.0,0.0,1.0,0.6830730826535245,-0.13914907207430463,5.0,0.0
5,12,0.0,1,one_axis_current,10,0.5,0.0,0.0,1.0,0.0,1.0,0.3605389796047387,-1.373560663462035,5.0,0.0
5,12,0.0,1,oracle_anchor,10,0.5,0.5,1.0,1.0,1.0,0.0,0.9736783506615707,0.04928736855291807,5.0,0.0
5,12,0.0,1,random_search,10,0.5,0.1,0.2,0.2,1.0,0.0,0.4212505986731506,-1.014193537065459,5.0,0.0
5,12,0.0,1,soft_penalty,10,0.5,0.0,0.0,0.8,0.0,1.0,0.8807004483792594,-0.023714543228647945,5.0,0.0
5,12,0.0,2,UBC,10,1.0,1.0,1.0,1.0,0.0,0.0,0.674353304512899,-3.9968028886505636e-16,5.0,0.0
5,12,0.0,2,current_only,10,1.0,0.0,0.0,1.0,0.0,1.0,0.256731550941519,-1.1182818821595828,5.0,0.0
5,12,0.0,2,gradient_line,10,1.0,0.4,0.4,0.9,0.0,0.0,2.202,-0.6429136357659033,5.0,0.0
5,12,0.0,2,least_squares,10,1.0,0.0,0.0,0.4,0.0,1.0,0.6106139711654063,-0.11716335901267885,5.0,0.0
5,12,0.0,2,one_axis_current,10,1.0,0.0,0.0,1.0,0.0,1.0,0.4106972162891066,-1.2573583101883163,5.0,0.0
5,12,0.0,2,oracle_anchor,10,1.0,1.0,1.0,1.0,0.0,0.0,0.9017463947586227,0.05990718082774443,5.0,0.0
5,12,0.0,2,random_search,10,1.0,0.5,0.5,0.5,0.0,0.0,1.1606959260219682,-0.5864564038997481,5.0,0.0
5,12,0.0,2,soft_penalty,10,1.0,0.1,0.1,0.6,0.0,0.9,1.3735965884854342,-1.8431339628824124,5.0,0.0
5,12,0.0,3,UBC,10,0.9,0.9,1.0,1.0,1.0,0.0,0.6821087422259298,-4.3792130415770066e-16,5.0,0.0
5,12,0.0,3,current_only,10,0.9,0.0,0.0,1.0,0.0,1.0,0.2303463352242032,-1.1126691640748831,5.0,0.0
5,12,0.0,3,gradient_line,10,0.9,0.1,0.1111111111111111,1.0,1.0,0.0,2.8066666666666666,-1.497160491376783,5.0,0.0
5,12,0.0,3,least_squares,10,0.9,0.0,0.0,0.5555555555555556,0.0,1.0,0.6021404608097332,-0.14474279502412288,5.0,0.0
5,12,0.0,3,one_axis_current,10,0.9,0.0,0.0,1.0,0.0,1.0,0.31468776433817564,-1.2133244534364498,5.0,0.0
5,12,0.0,3,oracle_anchor,10,0.9,0.9,1.0,1.0,1.0,0.0,0.9171266751906653,0.04738025014029151,5.0,0.0
5,12,0.0,3,random_search,10,0.9,0.7,0.7777777777777778,0.7777777777777778,1.0,0.0,1.7126019155860543,-0.13097575118446148,5.0,0.0
5,12,0.0,3,soft_penalty,10,0.9,0.3,0.3333333333333333,1.0,0.0,0.6666666666666666,1.2145099226086378,0.06695994980145421,5.0,0.0
5,12,0.0,4,UBC,10,0.7,0.7,1.0,1.0,1.0,0.0,0.6106445914788983,-2.854859206178974e-16,5.0,0.0
5,12,0.0,4,current_only,10,0.7,0.0,0.0,1.0,0.0,1.0,0.19982918408102515,-1.2122295465657065,5.0,0.0
5,12,0.0,4,gradient_line,10,0.7,0.3,0.42857142857142855,0.8571428571428571,1.0,0.0,2.5371428571428574,-0.4641117662443972,5.0,0.0
5,12,0.0,4,least_squares,10,0.7,0.0,0.0,0.7142857142857143,0.0,1.0,0.56491380306102,-0.09640800824152561,5.0,0.0
5,12,0.0,4,one_axis_current,10,0.7,0.0,0.0,1.0,0.0,1.0,0.2781667621298576,-1.2360446409191481,5.0,0.0
5,12,0.0,4,oracle_anchor,10,0.7,0.7,1.0,1.0,1.0,0.0,0.7979814430782532,0.059246690408055934,5.0,0.0
5,12,0.0,4,random_search,10,0.7,0.5,0.7142857142857143,0.7142857142857143,1.0,0.0,1.6736408581051678,-0.08274516835748079,5.0,0.0
5,12,0.0,4,soft_penalty,10,0.7,0.2,0.2857142857142857,0.8571428571428571,0.0,0.7142857142857143,1.4432518129963834,-0.6100741606579032,5.0,0.0
5,12,0.0,5,UBC,10,0.7,0.7,1.0,1.0,1.0,0.0,0.6129612037186561,-4.004733053112172e-16,5.0,0.0
5,12,0.0,5,current_only,10,0.7,0.0,0.0,1.0,0.0,1.0,0.21411101715108277,-0.8530155150487823,5.0,0.0
5,12,0.0,5,gradient_line,10,0.7,0.1,0.14285714285714285,0.8571428571428571,1.0,0.0,2.755714285714286,-0.7590875764158737,5.0,0.0
5,12,0.0,5,least_squares,10,0.7,0.0,0.0,0.8571428571428571,0.0,1.0,0.5232360300170441,-0.16765816550732127,5.0,0.0
5,12,0.0,5,one_axis_current,10,0.7,0.0,0.0,1.0,0.0,1.0,0.2749417507853263,-1.0506060271585347,5.0,0.0
5,12,0.0,5,oracle_anchor,10,0.7,0.7,1.0,1.0,1.0,0.0,0.7989956503557163,0.046046163215467124,5.0,0.0
5,12,0.0,5,random_search,10,0.7,0.6,0.8571428571428571,0.8571428571428571,1.0,0.0,1.8089438453337152,0.07105923483970404,5.0,0.0
5,12,0.0,5,soft_penalty,10,0.7,0.0,0.0,0.8571428571428571,0.0,1.0,0.9596358577124737,-0.6431154362870667,5.0,0.0
5,12,0.5,0,UBC,10,0.8,0.8,1.0,1.0,1.0,0.0,0.500426982784102,-2.498001805406602e-16,5.0,0.0
5,12,0.5,0,current_only,10,0.8,0.0,0.0,1.0,0.0,1.0,0.1956430484969257,-0.7398210258143223,5.0,0.0
5,12,0.5,0,gradient_line,10,0.8,0.4,0.5,1.0,1.0,0.0,2.05875,-0.6390957570040987,5.0,0.0
5,12,0.5,0,least_squares,10,0.8,0.0,0.0,0.125,0.0,1.0,0.7664924126179504,-0.16448441752437967,5.0,0.0
5,12,0.5,0,one_axis_current,10,0.8,0.0,0.0,1.0,0.0,1.0,0.25045916620428105,-0.8831660138292333,5.0,0.0
5,12,0.5,0,oracle_anchor,10,0.8,0.8,1.0,1.0,1.0,0.0,0.7102054756403011,0.04226338853605409,5.0,0.0
5,12,0.5,0,random_search,10,0.8,0.7,0.875,0.875,1.0,0.0,1.8589830557110472,0.3213655741697119,5.0,0.0
5,12,0.5,0,soft_penalty,10,0.8,0.2,0.25,0.875,0.0,0.75,0.7652132631774924,0.03090670261781901,5.0,0.0
5,12,0.5,1,UBC,10,0.8,0.8,1.0,1.0,1.0,0.0,0.6474097481477781,-5.204170427930421e-16,5.0,0.0
5,12,0.5,1,current_only,10,0.8,0.0,0.0,1.0,0.0,1.0,0.24113161556114543,-0.9608529389456041,5.0,0.0
5,12,0.5,1,gradient_line,10,0.8,0.2,0.25,1.0,1.0,0.0,2.49375,-0.5620771469785782,5.0,0.0
5,12,0.5,1,least_squares,10,0.8,0.0,0.0,0.625,0.0,1.0,0.9041224894024746,-0.12042580891827406,5.0,0.0
5,12,0.5,1,one_axis_current,10,0.8,0.0,0.0,1.0,0.0,1.0,0.34133341695951974,-1.0653579064228504,5.0,0.0
5,12,0.5,1,oracle_anchor,10,0.8,0.8,1.0,1.0,1.0,0.0,0.9085298247891191,0.05525283425206663,5.0,0.0
5,12,0.5,1,random_search,10,0.8,0.5,0.625,0.625,1.0,0.0,1.5027848103425256,-0.2924510762375924,5.0,0.0
5,12,0.5,1,soft_penalty,10,0.8,0.0,0.0,0.75,0.0,1.0,1.0077591058727986,-1.1079480957554262,5.0,0.0
5,12,0.5,2,UBC,10,0.8,0.8,1.0,1.0,1.0,0.0,0.6328059261394859,-3.920475055707584e-16,5.0,0.0
5,12,0.5,2,current_only,10,0.8,0.0,0.0,1.0,0.0,1.0,0.24245561096509438,-0.8659676492693638,5.0,0.0
5,12,0.5,2,gradient_line,10,0.8,0.3,0.375,0.875,1.0,0.0,2.355,-0.6453403552084376,5.0,0.0
5,12,0.5,2,least_squares,10,0.8,0.0,0.0,0.75,0.0,1.0,0.7104196183076824,-0.13178015317672542,5.0,0.0
5,12,0.5,2,one_axis_current,10,0.8,0.0,0.0,1.0,0.0,1.0,0.2862616627028397,-0.9657721065680489,5.0,0.0
5,12,0.5,2,oracle_anchor,10,0.8,0.8,1.0,1.0,1.0,0.0,0.9089281210168566,0.05720053998047274,5.0,0.0
5,12,0.5,2,random_search,10,0.8,0.8,1.0,1.0,1.0,0.0,2.1469402699714126,0.2139825003173954,5.0,0.0
5,12,0.5,2,soft_penalty,10,0.8,0.0,0.0,0.875,0.0,1.0,0.6111955959129171,-0.024590386916183555,5.0,0.0
5,12,0.5,3,UBC,10,0.6,0.6,1.0,1.0,1.0,0.0,0.5601031809663296,-2.2898349882893854e-16,5.0,0.0
5,12,0.5,3,current_only,10,0.6,0.0,0.0,1.0,0.0,1.0,0.22607351552556235,-0.730407120621908,5.0,0.0
5,12,0.5,3,gradient_line,10,0.6,0.1,0.16666666666666666,0.8333333333333334,1.0,0.0,2.68,-0.7478479843779654,5.0,0.0
5,12,0.5,3,least_squares,10,0.6,0.0,0.0,0.3333333333333333,0.0,1.0,0.9298039325862718,-0.14963231365056412,5.0,0.0
5,12,0.5,3,one_axis_current,10,0.6,0.0,0.0,1.0,0.0,1.0,0.3223500134763884,-0.6806546186979868,5.0,0.0
5,12,0.5,3,oracle_anchor,10,0.6,0.6,1.0,1.0,1.0,0.0,0.7501081425019547,0.04532639084685136,5.0,0.0
5,12,0.5,3,random_search,10,0.6,0.6,1.0,1.0,1.0,0.0,2.0684966920760055,0.21722595550155768,5.0,0.0
5,12,0.5,3,soft_penalty,10,0.6,0.1,0.16666666666666666,0.6666666666666666,0.0,0.8333333333333334,1.1500390679361576,0.013242506999144477,5.0,0.0
5,12,0.5,4,UBC,10,0.7,0.7,1.0,1.0,1.0,0.0,0.583245724899726,-8.326672684688674e-17,5.0,0.0
5,12,0.5,4,current_only,10,0.7,0.0,0.0,1.0,0.0,1.0,0.2545985867733338,-0.9524282928989276,5.0,0.0
5,12,0.5,4,gradient_line,10,0.7,0.5,0.7142857142857143,1.0,1.0,0.0,1.8342857142857143,-0.1923695246158126,5.0,0.0
5,12,0.5,4,least_squares,10,0.7,0.0,0.0,0.14285714285714285,0.0,1.0,1.2829988723654604,-0.09613551993107643,5.0,0.0
5,12,0.5,4,one_axis_current,10,0.7,0.0,0.0,1.0,0.0,1.0,0.3262852456533071,-1.0733303046347558,5.0,0.0
5,12,0.5,4,oracle_anchor,10,0.7,0.7,1.0,1.0,1.0,0.0,0.8134389479231101,0.04713241309779515,5.0,0.0
5,12,0.5,4,random_search,10,0.7,0.5,0.7142857142857143,0.7142857142857143,1.0,0.0,1.346051738886825,-0.17026169148869202,5.0,0.0
5,12,0.5,4,soft_penalty,10,0.7,0.2,0.2857142857142857,0.8571428571428571,0.0,0.7142857142857143,1.6112323267497068,-0.9935911602775962,5.0,0.0
5,12,0.5,5,UBC,10,0.8,0.8,1.0,1.0,1.0,0.0,0.5276110751655199,-4.2327252813834093e-16,5.0,0.0
5,12,0.5,5,current_only,10,0.8,0.0,0.0,1.0,0.0,1.0,0.13891689344121982,-0.6489894144613564,5.0,0.0
5,12,0.5,5,gradient_line,10,0.8,0.2,0.25,1.0,1.0,0.0,2.3775,-0.685634770656771,5.0,0.0
5,12,0.5,5,least_squares,10,0.8,0.0,0.0,0.5,0.0,1.0,0.5437669044967143,-0.10251581819817761,5.0,0.0
5,12,0.5,5,one_axis_current,10,0.8,0.0,0.0,1.0,0.0,1.0,0.17283311692456482,-0.6758239151654095,5.0,0.0
5,12,0.5,5,oracle_anchor,10,0.8,0.8,1.0,1.0,1.0,0.0,0.6898812915928835,0.042454416941115666,5.0,0.0
5,12,0.5,5,random_search,10,0.8,0.8,1.0,1.0,1.0,0.0,2.1664096924859173,0.17322272107397615,5.0,0.0
5,12,0.5,5,soft_penalty,10,0.8,0.0,0.0,0.875,0.0,1.0,0.4951541471460333,-0.024274927121280647,5.0,0.0
5,24,0.0,0,UBC,10,1.0,1.0,1.0,1.0,0.0,0.0,0.6345147077498818,-4.704570066849101e-16,5.0,0.0
5,24,0.0,0,current_only,10,1.0,0.0,0.0,1.0,0.0,1.0,0.2592258096620098,-1.1297505063437727,5.0,0.0
5,24,0.0,0,gradient_line,10,1.0,0.5,0.5,1.0,0.0,0.0,2.205,-0.5381416338131725,5.0,0.0
5,24,0.0,0,least_squares,10,1.0,0.0,0.0,0.3,0.0,1.0,0.526443574331098,-0.18505182856051644,5.0,0.0
5,24,0.0,0,one_axis_current,10,1.0,0.0,0.0,1.0,0.0,1.0,0.3296653161272563,-1.373689792491113,5.0,0.0
5,24,0.0,0,oracle_anchor,10,1.0,1.0,1.0,1.0,0.0,0.0,0.7628741033145248,0.0377019603269147,5.0,0.0
5,24,0.0,0,random_search,10,1.0,0.3,0.3,0.3,0.0,0.0,0.7720730834600908,-0.8519341705996183,5.0,0.0
5,24,0.0,0,soft_penalty,10,1.0,0.4,0.4,0.8,0.0,0.6,2.1370633350208266,-1.7619895686225568,5.0,0.0
5,24,0.0,1,UBC,10,0.9,0.9,1.0,1.0,1.0,0.0,0.5610944316357542,-4.2866944561915767e-16,5.0,0.0
5,24,0.0,1,current_only,10,0.9,0.0,0.0,1.0,0.0,1.0,0.10596247143407611,-1.079893713001479,5.0,0.0
5,24,0.0,1,gradient_line,10,0.9,0.1,0.1111111111111111,0.8888888888888888,1.0,0.0,2.8466666666666667,-0.950879607825714,5.0,0.0
5,24,0.0,1,least_squares,10,0.9,0.0,0.0,0.7777777777777778,0.0,1.0,0.45534167865023156,-0.18720008462343876,5.0,0.0
5,24,0.0,1,one_axis_current,10,0.9,0.0,0.0,1.0,0.0,1.0,0.13521349504394892,-1.1132920296167361,5.0,0.0
5,24,0.0,1,oracle_anchor,10,0.9,0.9,1.0,1.0,1.0,0.0,0.6797149163805999,0.034285208283984375,5.0,0.0
5,24,0.0,1,random_search,10,0.9,0.4,0.4444444444444444,0.4444444444444444,1.0,0.0,1.179506979882549,-0.6056871176488582,5.0,0.0
5,24,0.0,1,soft_penalty,10,0.9,0.0,0.0,0.6666666666666666,0.0,1.0,1.8652766937312195,-2.678225159582658,5.0,0.0
5,24,0.0,2,UBC,10,0.9,0.9,1.0,1.0,1.0,0.0,0.5450804554816427,-2.7755575615628914e-16,5.0,0.0
5,24,0.0,2,current_only,10,0.9,0.0,0.0,1.0,0.0,1.0,0.18954973646279694,-0.8410291737561528,5.0,0.0
5,24,0.0,2,gradient_line,10,0.9,0.4,0.4444444444444444,1.0,1.0,0.0,2.2466666666666666,-0.2273443727975865,5.0,0.0
5,24,0.0,2,least_squares,10,0.9,0.0,0.0,0.6666666666666666,0.0,1.0,0.4428428961400706,-0.1297056727878254,5.0,0.0
5,24,0.0,2,one_axis_current,10,0.9,0.0,0.0,1.0,0.0,1.0,0.24918061861426866,-0.932934901969807,5.0,0.0
5,24,0.0,2,oracle_anchor,10,0.9,0.9,1.0,1.0,1.0,0.0,0.66724888647181,0.03633278989982355,5.0,0.0
5,24,0.0,2,random_search,10,0.9,0.3,0.3333333333333333,0.3333333333333333,1.0,0.0,0.7566849831499535,-0.6371324002490324,5.0,0.0
5,24,0.0,2,soft_penalty,10,0.9,0.0,0.0,0.8888888888888888,0.0,1.0,1.9901699124103176,-2.733533198112113,5.0,0.0
5,24,0.0,3,UBC,10,0.9,0.9,1.0,1.0,1.0,0.0,0.7529834297449676,-4.564250212347865e-16,5.0,0.0
5,24,0.0,3,current_only,10,0.9,0.0,0.0,1.0,0.0,1.0,0.23822050663561878,-1.2760115325294885,5.0,0.0
5,24,0.0,3,gradient_line,10,0.9,0.0,0.0,0.8888888888888888,1.0,0.0,3.0,-0.6127201014578093,5.0,0.0
5,24,0.0,3,least_squares,10,0.9,0.0,0.0,0.6666666666666666,0.0,1.0,0.6020815633655935,-0.2074017846528152,5.0,0.0
5,24,0.0,3,one_axis_current,10,0.9,0.0,0.0,1.0,0.0,1.0,0.28943051129106745,-1.3564273008731398,5.0,0.0
5,24,0.0,3,oracle_anchor,10,0.9,0.9,1.0,1.0,1.0,0.0,0.9402912215600632,0.04638542913094288,5.0,0.0
5,24,0.0,3,random_search,10,0.9,0.4,0.4444444444444444,0.4444444444444444,1.0,0.0,0.966980719821166,-0.7610419740697073,5.0,0.0
5,24,0.0,3,soft_penalty,10,0.9,0.2,0.2222222222222222,1.0,0.0,0.7777777777777778,2.061309166820976,-2.509014686261235,5.0,0.0
5,24,0.0,4,UBC,10,0.8,0.8,1.0,1.0,1.0,0.0,0.6518624132028268,-4.198030811863873e-16,5.0,0.0
5,24,0.0,4,current_only,10,0.8,0.0,0.0,1.0,0.0,1.0,0.18816825660780778,-1.203684655337763,5.0,0.0
5,24,0.0,4,gradient_line,10,0.8,0.4,0.5,1.0,1.0,0.0,2.0512499999999996,-0.5048098906149165,5.0,0.0
5,24,0.0,4,least_squares,10,0.8,0.0,0.0,0.5,0.0,1.0,0.5258584989981702,-0.1690194400914544,5.0,0.0
5,24,0.0,4,one_axis_current,10,0.8,0.0,0.0,1.0,0.0,1.0,0.28012600055508274,-1.3267614424275687,5.0,0.0
5,24,0.0,4,oracle_anchor,10,0.8,0.8,1.0,1.0,1.0,0.0,0.8152416366452888,0.041181730915407375,5.0,0.0
5,24,0.0,4,random_search,10,0.8,0.3,0.375,0.375,1.0,0.0,0.7931472907360636,-0.8164322638913815,5.0,0.0
5,24,0.0,4,soft_penalty,10,0.8,0.0,0.0,0.75,0.0,1.0,1.625180292200667,-1.951975432003953,5.0,0.0
5,24,0.0,5,UBC,10,0.9,0.9,1.0,1.0,1.0,0.0,0.6138434450418018,-4.85722573273506e-16,5.0,0.0
5,24,0.0,5,current_only,10,0.9,0.0,0.0,1.0,0.0,1.0,0.15059745045671913,-1.124670055820651,5.0,0.0
5,24,0.0,5,gradient_line,10,0.9,0.2,0.2222222222222222,0.8888888888888888,1.0,0.0,2.6300000000000003,-0.6452046603381343,5.0,0.0
5,24,0.0,5,least_squares,10,0.9,0.0,0.0,0.5555555555555556,0.0,1.0,0.514764598023307,-0.17224616890908068,5.0,0.0
5,24,0.0,5,one_axis_current,10,0.9,0.0,0.0,1.0,0.0,1.0,0.214175512667642,-1.1373605545875152,5.0,0.0
5,24,0.0,5,oracle_anchor,10,0.9,0.9,1.0,1.0,1.0,0.0,0.7699486920992726,0.04151431429025488,5.0,0.0
5,24,0.0,5,random_search,10,0.9,0.3,0.3333333333333333,0.3333333333333333,1.0,0.0,0.6579784848627044,-0.7974817063156936,5.0,0.0
5,24,0.0,5,soft_penalty,10,0.9,0.1,0.1111111111111111,0.6666666666666666,0.0,0.8888888888888888,2.570064098289847,-4.433361032232466,5.0,0.0
5,24,0.5,0,UBC,10,0.9,0.9,1.0,1.0,1.0,0.0,0.6013158511467259,-3.6853236511862837e-16,5.0,0.0
5,24,0.5,0,current_only,10,0.9,0.0,0.0,1.0,0.0,1.0,0.2876700131855581,-0.7169873999542554,5.0,0.0
5,24,0.5,0,gradient_line,10,0.9,0.2,0.2222222222222222,1.0,1.0,0.0,2.47,-0.6837831788723703,5.0,0.0
5,24,0.5,0,least_squares,10,0.9,0.0,0.0,0.2222222222222222,0.0,1.0,0.6674166125964084,-0.1334436882154762,5.0,0.0
5,24,0.5,0,one_axis_current,10,0.9,0.0,0.0,1.0,0.0,1.0,0.3502751465969862,-0.9753762694895036,5.0,0.0
5,24,0.5,0,oracle_anchor,10,0.9,0.9,1.0,1.0,1.0,0.0,0.7494481544996958,0.03620990304979894,5.0,0.0
5,24,0.5,0,random_search,10,0.9,0.5,0.5555555555555556,0.5555555555555556,1.0,0.0,1.0284564030257066,-0.574421653932043,5.0,0.0
5,24,0.5,0,soft_penalty,10,0.9,0.0,0.0,0.5555555555555556,0.0,1.0,1.2945396336802772,-1.4032808964877952,5.0,0.0
5,24,0.5,1,UBC,10,0.8,0.8,1.0,1.0,1.0,0.0,0.5548924425163927,-2.3592239273284576e-16,5.0,0.0
5,24,0.5,1,current_only,10,0.8,0.0,0.0,1.0,0.0,1.0,0.15506484105654644,-0.7968593007495862,5.0,0.0
5,24,0.5,1,gradient_line,10,0.8,0.1,0.125,0.875,1.0,0.0,2.8275,-0.6187813701839999,5.0,0.0
5,24,0.5,1,least_squares,10,0.8,0.0,0.0,0.625,0.0,1.0,0.8504555596875396,-0.13843862087182296,5.0,0.0
5,24,0.5,1,one_axis_current,10,0.8,0.0,0.0,1.0,0.0,1.0,0.20220303040924406,-0.763036310964345,5.0,0.0
5,24,0.5,1,oracle_anchor,10,0.8,0.8,1.0,1.0,1.0,0.0,0.7291563647957262,0.03139859543604001,5.0,0.0
5,24,0.5,1,random_search,10,0.8,0.5,0.625,0.625,1.0,0.0,1.2271414314772446,-0.3277296792225495,5.0,0.0
5,24,0.5,1,soft_penalty,10,0.8,0.0,0.0,0.875,0.0,1.0,1.7223442750617777,-2.3234889045931686,5.0,0.0
5,24,0.5,2,UBC,10,0.7,0.7,1.0,1.0,1.0,0.0,0.6704552597357394,-3.806478941571965e-16,5.0,0.0
5,24,0.5,2,current_only,10,0.7,0.0,0.0,1.0,0.0,1.0,0.247821822312614,-1.0812467536816162,5.0,0.0
5,24,0.5,2,gradient_line,10,0.7,0.2,0.2857142857142857,1.0,1.0,0.0,2.4857142857142853,-0.4939256572275676,5.0,0.0
5,24,0.5,2,least_squares,10,0.7,0.0,0.0,0.5714285714285714,0.0,1.0,0.70846649178481,-0.18073442604709872,5.0,0.0
5,24,0.5,2,one_axis_current,10,0.7,0.0,0.0,1.0,0.0,1.0,0.3460781592049287,-1.3216195348661444,5.0,0.0
5,24,0.5,2,oracle_anchor,10,0.7,0.7,1.0,1.0,1.0,0.0,0.8340263594367681,0.03905344736919877,5.0,0.0
5,24,0.5,2,random_search,10,0.7,0.1,0.14285714285714285,0.14285714285714285,1.0,0.0,0.3163988141339818,-1.0943763049590924,5.0,0.0
5,24,0.5,2,soft_penalty,10,0.7,0.0,0.0,1.0,0.0,1.0,1.421083398510543,-1.67523773275196,5.0,0.0
5,24,0.5,3,UBC,10,1.0,1.0,1.0,1.0,0.0,0.0,0.6169600223136071,-3.3584246494910984e-16,5.0,0.0
5,24,0.5,3,current_only,10,1.0,0.0,0.0,1.0,0.0,1.0,0.13789410920593181,-1.070410462068355,5.0,0.0
5,24,0.5,3,gradient_line,10,1.0,0.3,0.3,1.0,0.0,0.0,2.496,-0.4521040783248007,5.0,0.0
5,24,0.5,3,least_squares,10,1.0,0.0,0.0,0.4,0.0,1.0,0.524870826494478,-0.1320509592332137,5.0,0.0
5,24,0.5,3,one_axis_current,10,1.0,0.0,0.0,1.0,0.0,1.0,0.17478828546447395,-1.0293531626154593,5.0,0.0
5,24,0.5,3,oracle_anchor,10,1.0,1.0,1.0,1.0,0.0,0.0,0.7769379053054177,0.039183716931341386,5.0,0.0
5,24,0.5,3,random_search,10,1.0,0.4,0.4,0.4,0.0,0.0,1.0407647225922807,-0.7229017521638212,5.0,0.0
5,24,0.5,3,soft_penalty,10,1.0,0.1,0.1,0.9,0.0,0.9,2.233484458816265,-3.2583784937220743,5.0,0.0
5,24,0.5,4,UBC,10,0.6,0.6,1.0,1.0,1.0,0.0,0.5838289775296618,-3.885780586188048e-16,5.0,0.0
5,24,0.5,4,current_only,10,0.6,0.0,0.0,1.0,0.0,1.0,0.19090754889170578,-1.0571338178280791,5.0,0.0
5,24,0.5,4,gradient_line,10,0.6,0.1,0.16666666666666666,1.0,1.0,0.0,2.595,-0.31746417135743915,5.0,0.0
5,24,0.5,4,least_squares,10,0.6,0.0,0.0,0.5,0.0,1.0,0.47766836502649784,-0.18662219140075986,5.0,0.0
5,24,0.5,4,one_axis_current,10,0.6,0.0,0.0,1.0,0.0,1.0,0.28849350867692436,-0.9946612320242347,5.0,0.0
5,24,0.5,4,oracle_anchor,10,0.6,0.6,1.0,1.0,1.0,0.0,0.7137700087613288,0.04458457859441356,5.0,0.0
5,24,0.5,4,random_search,10,0.6,0.2,0.3333333333333333,0.3333333333333333,1.0,0.0,0.7370834207001252,-0.6949746289540145,5.0,0.0
5,24,0.5,4,soft_penalty,10,0.6,0.0,0.0,0.8333333333333334,0.0,1.0,2.57500720201499,-4.141812439617077,5.0,0.0
5,24,0.5,5,UBC,10,0.9,0.9,1.0,1.0,1.0,0.0,0.6599590659060008,-7.231869424294423e-16,5.0,0.0
5,24,0.5,5,current_only,10,0.9,0.0,0.0,1.0,0.0,1.0,0.15066560756380387,-1.3294693533696127,5.0,0.0
5,24,0.5,5,gradient_line,10,0.9,0.4,0.4444444444444444,1.0,1.0,0.0,2.2933333333333334,-0.5629702810232504,5.0,0.0
5,24,0.5,5,least_squares,10,0.9,0.0,0.0,0.5555555555555556,0.0,1.0,0.5711037899690081,-0.1549875749430495,5.0,0.0
5,24,0.5,5,one_axis_current,10,0.9,0.0,0.0,1.0,0.0,1.0,0.21140369519147084,-1.424932085159446,5.0,0.0
5,24,0.5,5,oracle_anchor,10,0.9,0.9,1.0,1.0,1.0,0.0,0.8468215839792043,0.038434065100316106,5.0,0.0
5,24,0.5,5,random_search,10,0.9,0.5,0.5555555555555556,0.5555555555555556,1.0,0.0,1.291206271145707,-0.6411767134329729,5.0,0.0
5,24,0.5,5,soft_penalty,10,0.9,0.0,0.0,0.7777777777777778,0.0,1.0,2.1601085260542052,-3.722438647906318,5.0,0.0
